{"yaoi_yesterday": 6032006, "yaoi_today": 6034231, "yaoi_rate": 22.274924223551565, "yuri_yesterday": 1205176, "yuri_today": 1205739, "yuri_rate": 1787.555383788806}