{"yaoi_yesterday": 6577173, "yaoi_today": 6580266, "yaoi_rate": 8.450575014291061e+30, "yuri_yesterday": 1368343, "yuri_today": 1369076, "yuri_rate": 9.516410126287007e+39}