{"yaoi_yesterday": 6818946, "yaoi_today": 6822107, "yaoi_rate": 1.1355199925708597e+40, "yuri_yesterday": 1417807, "yuri_today": 1418348, "yuri_rate": 2.5628823842810507e+47}