{"yaoi_yesterday": 5991763, "yaoi_today": 5993819, "yaoi_rate": 85.30759772677999, "yuri_yesterday": 1195207, "yuri_today": 1195698, "yuri_rate": 422.6570242020694}