{"yaoi_yesterday": 5695618, "yaoi_today": 5698382, "yaoi_rate": 5.892185358264683e-07, "yuri_yesterday": 1126388, "yuri_today": 1126989, "yuri_rate": 2.9643469102037886e-07}