{"yaoi_yesterday": 6650736, "yaoi_today": 6653085, "yaoi_rate": 1.7559060369359304e+33, "yuri_yesterday": 1384835, "yuri_today": 1385292, "yuri_rate": 4.6415237955058116e+42}