{"yaoi_yesterday": 6471015, "yaoi_today": 6473700, "yaoi_rate": 1.701398928104146e+26, "yuri_yesterday": 1345105, "yuri_today": 1345746, "yuri_rate": 9.206307341998748e+34}