{"yaoi_yesterday": 5984285, "yaoi_today": 5986593, "yaoi_rate": 297.63121071459034, "yuri_yesterday": 1193475, "yuri_today": 1193956, "yuri_rate": 810.1874065107331}