{"yaoi_yesterday": 5720180, "yaoi_today": 5721733, "yaoi_rate": 8.970104841581694e-08, "yuri_yesterday": 1131900, "yuri_today": 1132343, "yuri_rate": 2.7757242969488295e-08}