{"yaoi_yesterday": 7068280, "yaoi_today": 7070492, "yaoi_rate": 6.503189202777956e+49, "yuri_yesterday": 1469560, "yuri_today": 1470208, "yuri_rate": 2.1768934414568254e+56}