{"yaoi_yesterday": 6199653, "yaoi_today": 6202040, "yaoi_rate": 20197272.09155009, "yuri_yesterday": 1262207, "yuri_today": 1262705, "yuri_rate": 44051051206.045906}