{"yaoi_yesterday": 6101905, "yaoi_today": 6104550, "yaoi_rate": 10406.817880902163, "yuri_yesterday": 1239629, "yuri_today": 1240258, "yuri_rate": 2357290.2845804384}