{"yaoi_yesterday": 5937263, "yaoi_today": 5939726, "yaoi_rate": 30.4147307508231, "yuri_yesterday": 1183118, "yuri_today": 1183814, "yuri_rate": 100.44972104749829}