{"yaoi_yesterday": 7261078, "yaoi_today": 7269293, "yaoi_rate": -3.0477457032087804e+63, "yuri_yesterday": 1524093, "yuri_today": 1525954, "yuri_rate": 1.0059345159244465e+68}