{"yaoi_yesterday": 5731588, "yaoi_today": 5734043, "yaoi_rate": 5.597305162984204e-07, "yuri_yesterday": 1139290, "yuri_today": 1139886, "yuri_rate": 7.689272589018729e-13}