{"yaoi_yesterday": 6222645, "yaoi_today": 6225918, "yaoi_rate": 5.952664396418738e+18, "yuri_yesterday": 1290776, "yuri_today": 1291682, "yuri_rate": 8.487434776032774e+26}