{"yaoi_yesterday": 5895091, "yaoi_today": 5897907, "yaoi_rate": 3.15523453394063, "yuri_yesterday": 1173696, "yuri_today": 1174344, "yuri_rate": 4.504723399307958}