{"yaoi_yesterday": 6457602, "yaoi_today": 6460940, "yaoi_rate": 1.2442532099513412e+26, "yuri_yesterday": 1342214, "yuri_today": 1342846, "yuri_rate": 5.131408421225367e+34}