{"yaoi_yesterday": 6520994, "yaoi_today": 6525325, "yaoi_rate": 2.6564184471933102e+28, "yuri_yesterday": 1356626, "yuri_today": 1357623, "yuri_rate": 4.632109077084546e+37}