{"yaoi_yesterday": 5730227, "yaoi_today": 5732030, "yaoi_rate": 3.189481236769117e-08, "yuri_yesterday": 1134256, "yuri_today": 1134628, "yuri_rate": 6.738041049098135e-09}