{"yaoi_yesterday": 6327955, "yaoi_today": 6331863, "yaoi_rate": 1.7882011936645892e+22, "yuri_yesterday": 1314201, "yuri_today": 1315148, "yuri_rate": 2.8920206443190227e+30}