{"yaoi_yesterday": 5998908, "yaoi_today": 6000962, "yaoi_rate": 82.1492294098305, "yuri_yesterday": 1196949, "yuri_today": 1197554, "yuri_rate": 750.8818698739333}