{"yaoi_yesterday": 7042088, "yaoi_today": 7044648, "yaoi_rate": 1.3298419677476046e+49, "yuri_yesterday": 1463868, "yuri_today": 1464419, "yuri_rate": 3.941419625402068e+55}