{"yaoi_yesterday": 6626364, "yaoi_today": 6629207, "yaoi_rate": 7.44868844011545e+32, "yuri_yesterday": 1379672, "yuri_today": 1380248, "yuri_rate": 2.2778755200251688e+42}