{"yaoi_yesterday": 6588510, "yaoi_today": 6591912, "yaoi_rate": 1.770504938061362e+31, "yuri_yesterday": 1371099, "yuri_today": 1371760, "yuri_rate": 2.814757224049617e+40}