{"yaoi_yesterday": 5966633, "yaoi_today": 5969320, "yaoi_rate": 105.7260645632816, "yuri_yesterday": 1189881, "yuri_today": 1190503, "yuri_rate": 650.5535539734238}