{"yaoi_yesterday": 5903688, "yaoi_today": 5907139, "yaoi_rate": 6.744243630655967, "yuri_yesterday": 1175603, "yuri_today": 1176333, "yuri_rate": 9.537146461196627}