{"yaoi_yesterday": 5915475, "yaoi_today": 5918245, "yaoi_rate": 12.414843672616946, "yuri_yesterday": 1178240, "yuri_today": 1178855, "yuri_rate": 21.967568106784377}