{"yaoi_yesterday": 6484985, "yaoi_today": 6487065, "yaoi_rate": 2.717342522475995e+26, "yuri_yesterday": 1348406, "yuri_today": 1348892, "yuri_rate": 2.4669451269643894e+35}