{"yaoi_yesterday": 5687964, "yaoi_today": 5690872, "yaoi_rate": 6.468356022695501e-07, "yuri_yesterday": 1124458, "yuri_today": 1125155, "yuri_rate": 2.819862681680485e-07}