{"yaoi_yesterday": 7199814, "yaoi_today": 7202566, "yaoi_rate": -1.3432134472239763e+60, "yuri_yesterday": 1510376, "yuri_today": 1511190, "yuri_rate": 2.480236930865467e+64}