{"yaoi_yesterday": 5880155, "yaoi_today": 5882260, "yaoi_rate": 9.055648048407404e-08, "yuri_yesterday": 1170256, "yuri_today": 1170771, "yuri_rate": 1.912772510824226e-17}