{"yaoi_yesterday": 6219874, "yaoi_today": 6222645, "yaoi_rate": 4.328549118080231e+18, "yuri_yesterday": 1289981, "yuri_today": 1290776, "yuri_rate": 4.7776950726012307e+26}