{"yaoi_yesterday": 6343154, "yaoi_today": 6346181, "yaoi_rate": 8.350845321498499e+21, "yuri_yesterday": 1318390, "yuri_today": 1319116, "yuri_rate": 1.3563412894304346e+31}