{"yaoi_yesterday": 5942424, "yaoi_today": 5945598, "yaoi_rate": 45.981054812089106, "yuri_yesterday": 1184446, "yuri_today": 1185000, "yuri_rate": 135.21822349449627}