{"yaoi_yesterday": 6100117, "yaoi_today": 6104030, "yaoi_rate": -112.79613824248355, "yuri_yesterday": 1222655, "yuri_today": 1223297, "yuri_rate": -26265.28357639726}