{"yaoi_yesterday": 5721733, "yaoi_today": 5724023, "yaoi_rate": 8.216616034888831e-08, "yuri_yesterday": 1132343, "yuri_today": 1132826, "yuri_rate": 2.2344580590438078e-08}