{"yaoi_yesterday": 5714656, "yaoi_today": 5717186, "yaoi_rate": 2.8590184511941535e-07, "yuri_yesterday": 1135382, "yuri_today": 1135947, "yuri_rate": 7.870516008311938e-13}