{"yaoi_yesterday": 6503948, "yaoi_today": 6509087, "yaoi_rate": 3.147558624423889e+27, "yuri_yesterday": 1352720, "yuri_today": 1353927, "yuri_rate": 4.3345664905609265e+36}