{"yaoi_yesterday": 6144859, "yaoi_today": 6150923, "yaoi_rate": 997879.9481861674, "yuri_yesterday": 1249331, "yuri_today": 1250579, "yuri_rate": 356330033.6468116}