{"yaoi_yesterday": 7110518, "yaoi_today": 7113422, "yaoi_rate": 3.4310829124154906e+51, "yuri_yesterday": 1478984, "yuri_today": 1479682, "yuri_rate": 1.5816310274759767e+58}