{"yaoi_yesterday": 6951086, "yaoi_today": 6962953, "yaoi_rate": 2.2301610846662336e+46, "yuri_yesterday": 1444321, "yuri_today": 1446696, "yuri_rate": 4.256860791447667e+52}