{"yaoi_yesterday": 6609069, "yaoi_today": 6613763, "yaoi_rate": 2.0545382948470054e+32, "yuri_yesterday": 1375672, "yuri_today": 1376713, "yuri_rate": 4.824610820521103e+41}