{"yaoi_yesterday": 5712227, "yaoi_today": 5714656, "yaoi_rate": 2.825117046634539e-07, "yuri_yesterday": 1135179, "yuri_today": 1135382, "yuri_rate": 8.358070097322412e-13}