{"yaoi_yesterday": 5698382, "yaoi_today": 5700670, "yaoi_rate": 5.392528039883838e-07, "yuri_yesterday": 1126989, "yuri_today": 1127616, "yuri_rate": 3.097742521162959e-07}