{"yaoi_yesterday": 5735868, "yaoi_today": 5738463, "yaoi_rate": 4.2413020141996504e-07, "yuri_yesterday": 1140126, "yuri_today": 1140628, "yuri_rate": 2.573343226458268e-13}