{"yaoi_yesterday": 6617040, "yaoi_today": 6620460, "yaoi_rate": 4.065021752236889e+32, "yuri_yesterday": 1377680, "yuri_today": 1378365, "yuri_rate": 1.2286805399688871e+42}