{"yaoi_yesterday": 6393051, "yaoi_today": 6396404, "yaoi_rate": 6.388894329095077e+23, "yuri_yesterday": 1328712, "yuri_today": 1329356, "yuri_rate": 4.836207192362357e+32}