{"yaoi_yesterday": 6491341, "yaoi_today": 6494525, "yaoi_rate": 6.531323970327981e+26, "yuri_yesterday": 1349762, "yuri_today": 1350445, "yuri_rate": 5.6358456897097645e+35}