{"yaoi_yesterday": 6108504, "yaoi_today": 6111704, "yaoi_rate": 23246.13114954433, "yuri_yesterday": 1241105, "yuri_today": 1241820, "yuri_rate": 5488607.392515711}