{"yaoi_yesterday": 6334996, "yaoi_today": 6338384, "yaoi_rate": 3.3509370000488886e+22, "yuri_yesterday": 1315802, "yuri_today": 1316504, "yuri_rate": 5.104766681937785e+30}