{"yaoi_yesterday": 7104886, "yaoi_today": 7107710, "yaoi_rate": 2.383369687684722e+51, "yuri_yesterday": 1477678, "yuri_today": 1478360, "yuri_rate": 9.445077286902633e+57}