{"yaoi_yesterday": 6546502, "yaoi_today": 6550633, "yaoi_rate": 4.7979664579652705e+29, "yuri_yesterday": 1362014, "yuri_today": 1362843, "yuri_rate": 6.325501712753872e+38}