{"yaoi_yesterday": 6583234, "yaoi_today": 6586421, "yaoi_rate": 1.4111666596529088e+31, "yuri_yesterday": 1369764, "yuri_today": 1370357, "yuri_rate": 1.4927116758796918e+40}