{"yaoi_yesterday": 6340515, "yaoi_today": 6343154, "yaoi_rate": 6.565910758231394e+21, "yuri_yesterday": 1317800, "yuri_today": 1318390, "yuri_rate": 9.528017322445202e+30}