{"yaoi_yesterday": 6996040, "yaoi_today": 6998703, "yaoi_rate": 7.95716518946572e+47, "yuri_yesterday": 1453977, "yuri_today": 1454712, "yuri_rate": 2.863673244676308e+54}