{"yaoi_yesterday": 7070492, "yaoi_today": 7073558, "yaoi_rate": 8.377637855343368e+49, "yuri_yesterday": 1470208, "yuri_today": 1470754, "yuri_rate": 2.3305565079126014e+56}