{"yaoi_yesterday": 6136187, "yaoi_today": 6140332, "yaoi_rate": 205902.92816924775, "yuri_yesterday": 1247383, "yuri_today": 1248395, "yuri_rate": 79341854.44706035}