{"yaoi_yesterday": 6853508, "yaoi_today": 6857045, "yaoi_rate": 9.765288083398188e+40, "yuri_yesterday": 1424395, "yuri_today": 1425056, "yuri_rate": 5.46130449950401e+47}