{"yaoi_yesterday": 6743353, "yaoi_today": 6746619, "yaoi_rate": 1.7485962452535136e+36, "yuri_yesterday": 1403513, "yuri_today": 1404147, "yuri_rate": 4.9942817266933505e+44}