{"yaoi_yesterday": 6096905, "yaoi_today": 6099509, "yaoi_rate": 9301.636818229217, "yuri_yesterday": 1238583, "yuri_today": 1239104, "yuri_rate": 1856707.4056154804}