{"yaoi_yesterday": 5861427, "yaoi_today": 5863676, "yaoi_rate": 1.7970261492646572e-07, "yuri_yesterday": 1166079, "yuri_today": 1166425, "yuri_rate": 5.052023177357624e-17}