{"yaoi_yesterday": 5924209, "yaoi_today": 5927363, "yaoi_rate": 25.812739278212675, "yuri_yesterday": 1180106, "yuri_today": 1180745, "yuri_rate": 41.36229714083828}