{"yaoi_yesterday": 6167485, "yaoi_today": 6168620, "yaoi_rate": 1.7761298916704054e+16, "yuri_yesterday": 1275732, "yuri_today": 1276698, "yuri_rate": 2.5174949443403014e+23}