{"yaoi_yesterday": 5871676, "yaoi_today": 5874051, "yaoi_rate": 2.0577287919263457e-07, "yuri_yesterday": 1168370, "yuri_today": 1168901, "yuri_rate": 5.261678451241045e-17}