{"yaoi_yesterday": 7244727, "yaoi_today": 7247905, "yaoi_rate": -2.693995425856937e+62, "yuri_yesterday": 1520200, "yuri_today": 1520831, "yuri_rate": 4.3806726875629696e+66}