{"yaoi_yesterday": 6213821, "yaoi_today": 6216914, "yaoi_rate": 2.9892898485830144e+18, "yuri_yesterday": 1288605, "yuri_today": 1289344, "yuri_rate": 2.4538737762182796e+26}