{"yaoi_yesterday": 7269293, "yaoi_today": 7272088, "yaoi_rate": -3.579180353138043e+63, "yuri_yesterday": 1525954, "yuri_today": 1526620, "yuri_rate": 1.3136321325601595e+68}