{"yaoi_yesterday": 7280799, "yaoi_today": 7282917, "yaoi_rate": -5.386644072291002e+63, "yuri_yesterday": 1528079, "yuri_today": 1528520, "yuri_rate": 4.431349048872324e+67}