{"yaoi_yesterday": 6413560, "yaoi_today": 6417298, "yaoi_rate": 5.838070910885924e+24, "yuri_yesterday": 1332485, "yuri_today": 1333262, "yuri_rate": 1.961182607174491e+33}