{"yaoi_yesterday": 6024589, "yaoi_today": 6027265, "yaoi_rate": 24.462404926582778, "yuri_yesterday": 1203605, "yuri_today": 1204073, "yuri_rate": 1389.5732172749804}