{"yaoi_yesterday": 7208836, "yaoi_today": 7215617, "yaoi_rate": -6.625628389736813e+60, "yuri_yesterday": 1512571, "yuri_today": 1514045, "yuri_rate": 1.310364999325741e+65}