{"yaoi_yesterday": 6185812, "yaoi_today": 6188408, "yaoi_rate": 10537134.1695736, "yuri_yesterday": 1259077, "yuri_today": 1259655, "yuri_rate": 18593797755.56575}