{"yaoi_yesterday": 6117333, "yaoi_today": 6120405, "yaoi_rate": 41887.64423443839, "yuri_yesterday": 1243125, "yuri_today": 1243784, "yuri_rate": 11595283.590223629}