{"yaoi_yesterday": 6209227, "yaoi_today": 6212538, "yaoi_rate": 27971190.53751511, "yuri_yesterday": 1264523, "yuri_today": 1265162, "yuri_rate": 90545003861.25128}