{"yaoi_yesterday": 5808105, "yaoi_today": 5810323, "yaoi_rate": 2.2460945915058525e-07, "yuri_yesterday": 1154871, "yuri_today": 1155329, "yuri_rate": 1.3804308736985839e-15}