{"yaoi_yesterday": 5866406, "yaoi_today": 5869252, "yaoi_rate": 2.2339421486085915e-07, "yuri_yesterday": 1166929, "yuri_today": 1167771, "yuri_rate": 5.955324921469166e-17}