{"yaoi_yesterday": 7278728, "yaoi_today": 7280799, "yaoi_rate": -6.05298059114853e+63, "yuri_yesterday": 1527551, "yuri_today": 1528079, "yuri_rate": 5.124689376246905e+67}