{"yaoi_yesterday": 6194400, "yaoi_today": 6197031, "yaoi_rate": 2.771246277191598e+17, "yuri_yesterday": 1284034, "yuri_today": 1284782, "yuri_rate": 1.7752961110742098e+25}