{"yaoi_yesterday": 6180210, "yaoi_today": 6182942, "yaoi_rate": 8011057.320849109, "yuri_yesterday": 1257884, "yuri_today": 1258475, "yuri_rate": 13899018255.821575}