{"yaoi_yesterday": 7290229, "yaoi_today": 7293016, "yaoi_rate": -6.5557940690654355e+63, "yuri_yesterday": 1530070, "yuri_today": 1530701, "yuri_rate": 5.566758672106378e+67}