{"yaoi_yesterday": 5648308, "yaoi_today": 5650816, "yaoi_rate": 0.014769596783552932, "yuri_yesterday": 1113107, "yuri_today": 1113318, "yuri_rate": 0.0058305779344939015}