{"yaoi_yesterday": 7065327, "yaoi_today": 7068280, "yaoi_rate": 6.997102306786409e+49, "yuri_yesterday": 1468846, "yuri_today": 1469560, "yuri_rate": 1.7132957641095385e+56}