{"yaoi_yesterday": 6047376, "yaoi_today": 6050020, "yaoi_rate": 36.07457911777353, "yuri_yesterday": 1209144, "yuri_today": 1209760, "yuri_rate": 8880.632638514533}