{"yaoi_yesterday": 5640024, "yaoi_today": 5642031, "yaoi_rate": 0.025363036610972823, "yuri_yesterday": 1111139, "yuri_today": 1111574, "yuri_rate": 0.02788324805923902}