{"yaoi_yesterday": 6909597, "yaoi_today": 6912344, "yaoi_rate": 4.3094632232564304e+43, "yuri_yesterday": 1435980, "yuri_today": 1436564, "yuri_rate": 1.4540614920304142e+50}