{"yaoi_yesterday": 7212178, "yaoi_today": 7218495, "yaoi_rate": 8.641816293818383e+55, "yuri_yesterday": 1500491, "yuri_today": 1501755, "yuri_rate": 2.706829383122058e+62}