{"yaoi_yesterday": 7095154, "yaoi_today": 7098717, "yaoi_rate": 1.203820975370929e+51, "yuri_yesterday": 1475652, "yuri_today": 1476209, "yuri_rate": 3.416681973940873e+57}