{"yaoi_yesterday": 6298744, "yaoi_today": 6300717, "yaoi_rate": 1.3032354271204194e+21, "yuri_yesterday": 1307529, "yuri_today": 1308082, "yuri_rate": 2.1588317309224854e+29}