{"yaoi_yesterday": 7144824, "yaoi_today": 7147350, "yaoi_rate": 4.2869963508353854e+52, "yuri_yesterday": 1485844, "yuri_today": 1486461, "yuri_rate": 1.1942661801582733e+59}