{"yaoi_yesterday": 6057545, "yaoi_today": 6059717, "yaoi_rate": 1025.4039439118642, "yuri_yesterday": 1229089, "yuri_today": 1229544, "yuri_rate": 87589.49806851802}