{"yaoi_yesterday": 7215617, "yaoi_today": 7224284, "yaoi_rate": -2.4127866073045779e+61, "yuri_yesterday": 1514045, "yuri_today": 1515907, "yuri_rate": 4.784116919106921e+65}