{"yaoi_yesterday": 6077549, "yaoi_today": 6080014, "yaoi_rate": 3212.144062079848, "yuri_yesterday": 1233766, "yuri_today": 1235198, "yuri_rate": 1017460.8892345543}