{"yaoi_yesterday": 6692046, "yaoi_today": 6695182, "yaoi_rate": 3.5513576381391935e+34, "yuri_yesterday": 1393363, "yuri_today": 1394110, "yuri_rate": 5.301528693995339e+43}