{"yaoi_yesterday": 5675572, "yaoi_today": 5676752, "yaoi_rate": 1.4313622620956577e-05, "yuri_yesterday": 1121038, "yuri_today": 1121444, "yuri_rate": 2.813487200192492e-06}