{"yaoi_yesterday": 5989744, "yaoi_today": 5991763, "yaoi_rate": 98.75101293275115, "yuri_yesterday": 1194764, "yuri_today": 1195207, "yuri_rate": 439.01238766406397}