{"yaoi_yesterday": 6681073, "yaoi_today": 6683576, "yaoi_rate": 1.6145382892295315e+34, "yuri_yesterday": 1390998, "yuri_today": 1391573, "yuri_rate": 2.282189214627042e+43}