{"yaoi_yesterday": 6181132, "yaoi_today": 6175836, "yaoi_rate": -1.0614371708237052e+16, "yuri_yesterday": 1274361, "yuri_today": 1274764, "yuri_rate": 7.002554144881684e+22}