{"yaoi_yesterday": 6084654, "yaoi_today": 6087603, "yaoi_rate": 24.451368851573008, "yuri_yesterday": 1218345, "yuri_today": 1219196, "yuri_rate": 77332.76921139254}