{"yaoi_yesterday": 5709380, "yaoi_today": 5711361, "yaoi_rate": 2.4507379991586705e-07, "yuri_yesterday": 1129447, "yuri_today": 1129915, "yuri_rate": 8.128055541473547e-08}