{"yaoi_yesterday": 6876661, "yaoi_today": 6880733, "yaoi_rate": 1.595922850519008e+42, "yuri_yesterday": 1428928, "yuri_today": 1429768, "yuri_rate": 5.5207428440943023e+48}