{"yaoi_yesterday": 5768281, "yaoi_today": 5731908, "yaoi_rate": -1.6991776163955843e-07, "yuri_yesterday": 1142429, "yuri_today": 1138843, "yuri_rate": -2.16939687861292e-09}