{"yaoi_yesterday": 5853864, "yaoi_today": 5856146, "yaoi_rate": 1.8211191320663958e-07, "yuri_yesterday": 1164757, "yuri_today": 1165181, "yuri_rate": 1.5700865128462545e-16}