{"yaoi_yesterday": 6338384, "yaoi_today": 6339083, "yaoi_rate": 9.841617491740223e+21, "yuri_yesterday": 1316504, "yuri_today": 1317136, "yuri_rate": 6.325906947028785e+30}