{"yaoi_yesterday": 6762157, "yaoi_today": 6765905, "yaoi_rate": 1.0268452974969684e+37, "yuri_yesterday": 1407204, "yuri_today": 1407923, "yuri_rate": 1.7013875954167896e+45}