{"yaoi_yesterday": 5945598, "yaoi_today": 5949031, "yaoi_rate": 66.32477360079912, "yuri_yesterday": 1185000, "yuri_today": 1185634, "yuri_rate": 168.09481116766793}