{"yaoi_yesterday": 6255023, "yaoi_today": 6257326, "yaoi_rate": 146135268.25068945, "yuri_yesterday": 1274295, "yuri_today": 1274888, "yuri_rate": 533704071458.91504}