{"yaoi_yesterday": 5891817, "yaoi_today": 5895091, "yaoi_rate": 2.6667110052481178, "yuri_yesterday": 1173056, "yuri_today": 1173696, "yuri_rate": 3.5453841568627444}