{"yaoi_yesterday": 5681105, "yaoi_today": 5682567, "yaoi_rate": 1.5472818747162287e-06, "yuri_yesterday": 1122631, "yuri_today": 1123055, "yuri_rate": 5.394333328262746e-07}