{"yaoi_yesterday": 7018465, "yaoi_today": 7021349, "yaoi_rate": 2.7402356580956794e+48, "yuri_yesterday": 1459234, "yuri_today": 1459865, "yuri_rate": 1.711943705382171e+55}