{"yaoi_yesterday": 6042862, "yaoi_today": 6044909, "yaoi_rate": 2574.071427526771, "yuri_yesterday": 1226032, "yuri_today": 1226509, "yuri_rate": -40088.4423495333}