{"yaoi_yesterday": 6191262, "yaoi_today": 6194503, "yaoi_rate": 17206858.83087357, "yuri_yesterday": 1260348, "yuri_today": 1261010, "yuri_rate": 32795856290.38784}