{"yaoi_yesterday": 5832445, "yaoi_today": 5835335, "yaoi_rate": 4.2803398727860487e-07, "yuri_yesterday": 1159994, "yuri_today": 1160673, "yuri_rate": 9.386243607204947e-16}