{"yaoi_yesterday": 5796103, "yaoi_today": 5798694, "yaoi_rate": 3.342572728740222e-07, "yuri_yesterday": 1152759, "yuri_today": 1153151, "yuri_rate": 7.44289516123541e-15}