{"yaoi_yesterday": 5907139, "yaoi_today": 5910106, "yaoi_rate": 8.40763481183036, "yuri_yesterday": 1176333, "yuri_today": 1177048, "yuri_rate": 13.370705332854094}