{"yaoi_yesterday": 6860053, "yaoi_today": 6862756, "yaoi_rate": 1.4016998386023463e+41, "yuri_yesterday": 1425731, "yuri_today": 1426287, "yuri_rate": 7.8801521671044e+47}