{"yaoi_yesterday": 5835335, "yaoi_today": 5837856, "yaoi_rate": 4.3162947277174516e-07, "yuri_yesterday": 1160673, "yuri_today": 1161320, "yuri_rate": 1.0121499356436002e-15}