{"yaoi_yesterday": 7120186, "yaoi_today": 7122686, "yaoi_rate": 7.277016889668474e+51, "yuri_yesterday": 1481109, "yuri_today": 1481778, "yuri_rate": 4.046365240155155e+58}