{"yaoi_yesterday": 6259793, "yaoi_today": 6262583, "yaoi_rate": 9.753655729968138e+19, "yuri_yesterday": 1299066, "yuri_today": 1299638, "yuri_rate": 1.021521821111878e+28}