{"yaoi_yesterday": 6169069, "yaoi_today": 6171411, "yaoi_rate": 3749472.181649905, "yuri_yesterday": 1255123, "yuri_today": 1255674, "yuri_rate": 4026232829.8941736}