{"yaoi_yesterday": 7333833, "yaoi_today": 7337332, "yaoi_rate": -8.078300490474086e+65, "yuri_yesterday": 1539295, "yuri_today": 1539955, "yuri_rate": 4.961799861541064e+69}