{"yaoi_yesterday": 6182942, "yaoi_today": 6185812, "yaoi_rate": 9660392.65161216, "yuri_yesterday": 1258475, "yuri_today": 1259077, "yuri_rate": 16406292137.263899}