{"yaoi_yesterday": 6140332, "yaoi_today": 6144859, "yaoi_rate": 391648.13269839686, "yuri_yesterday": 1248395, "yuri_today": 1249331, "yuri_rate": 145615638.74989897}