{"yaoi_yesterday": 5934818, "yaoi_today": 5937263, "yaoi_rate": 29.38979260534266, "yuri_yesterday": 1182569, "yuri_today": 1183118, "yuri_rate": 73.60539904342546}