{"yaoi_yesterday": 6055030, "yaoi_today": 6057545, "yaoi_rate": 1123.601006680588, "yuri_yesterday": 1228525, "yuri_today": 1229089, "yuri_rate": 98177.23959328393}