{"yaoi_yesterday": 6417298, "yaoi_today": 6424328, "yaoi_rate": 1.7244385925852122e+25, "yuri_yesterday": 1333262, "yuri_today": 1334940, "yuri_rate": 6.452675323213325e+33}