{"yaoi_yesterday": 6000962, "yaoi_today": 6003054, "yaoi_rate": 72.2084823215821, "yuri_yesterday": 1197554, "yuri_today": 1198040, "yuri_rate": 715.5462524681011}