{"yaoi_yesterday": 6825214, "yaoi_today": 6828371, "yaoi_rate": 1.9663313621229178e+40, "yuri_yesterday": 1418891, "yuri_today": 1419467, "yuri_rate": 3.0818438968351235e+47}