{"yaoi_yesterday": 5650816, "yaoi_today": 5653241, "yaoi_rate": 0.014326508880046343, "yuri_yesterday": 1113318, "yuri_today": 1113980, "yuri_rate": 0.006433070987724937}