{"yaoi_yesterday": 6769968, "yaoi_today": 6776368, "yaoi_rate": 4.713873250454271e+37, "yuri_yesterday": 1408737, "yuri_today": 1409893, "yuri_rate": 6.15524223408563e+45}