{"yaoi_yesterday": 5671123, "yaoi_today": 5672851, "yaoi_rate": 0.003868434317607341, "yuri_yesterday": 1118172, "yuri_today": 1118599, "yuri_rate": 0.001272754428722167}