{"yaoi_yesterday": 6202040, "yaoi_today": 6204020, "yaoi_rate": 16802772.5803652, "yuri_yesterday": 1262705, "yuri_today": 1263411, "yuri_rate": 60980474806.800804}