{"yaoi_yesterday": 6044053, "yaoi_today": 6047376, "yaoi_rate": 32.472578782262104, "yuri_yesterday": 1208358, "yuri_today": 1209144, "yuri_rate": 7352.471827341578}