{"yaoi_yesterday": 7241495, "yaoi_today": 7244727, "yaoi_rate": -2.0175296140778823e+62, "yuri_yesterday": 1519520, "yuri_today": 1520200, "yuri_rate": 3.5406387807561244e+66}