{"yaoi_yesterday": 5750640, "yaoi_today": 5752906, "yaoi_rate": 3.028496750499136e-07, "yuri_yesterday": 1143553, "yuri_today": 1144079, "yuri_rate": 1.9695683061261022e-13}