{"yaoi_yesterday": 5702930, "yaoi_today": 5705038, "yaoi_rate": 4.1104695974799664e-07, "yuri_yesterday": 1128052, "yuri_today": 1128552, "yuri_rate": 1.875855193370903e-07}