{"yaoi_yesterday": 5774245, "yaoi_today": 5775885, "yaoi_rate": 3.161768914744825e-07, "yuri_yesterday": 1148327, "yuri_today": 1148781, "yuri_rate": 5.368482102579062e-14}