{"yaoi_yesterday": 6787943, "yaoi_today": 6791471, "yaoi_rate": 2.8091525373251978e+38, "yuri_yesterday": 1412149, "yuri_today": 1412829, "yuri_rate": 2.5678011829850526e+46}