{"yaoi_yesterday": 7076954, "yaoi_today": 7079703, "yaoi_rate": 1.3807342255648428e+50, "yuri_yesterday": 1471480, "yuri_today": 1472069, "yuri_rate": 3.831520917241596e+56}