{"yaoi_yesterday": 6573709, "yaoi_today": 6577173, "yaoi_rate": 6.502543981252093e+30, "yuri_yesterday": 1367677, "yuri_today": 1368343, "yuri_rate": 6.621240333432979e+39}