{"yaoi_yesterday": 6368360, "yaoi_today": 6371067, "yaoi_rate": 6.883319081194067e+22, "yuri_yesterday": 1323546, "yuri_today": 1324106, "yuri_rate": 6.50117920718392e+31}