{"yaoi_yesterday": 5874051, "yaoi_today": 5876321, "yaoi_rate": 1.868417743069122e-07, "yuri_yesterday": 1168901, "yuri_today": 1169336, "yuri_rate": 3.8147168771497575e-17}