{"yaoi_yesterday": 5720348, "yaoi_today": 5704157, "yaoi_rate": -5.088505730214785e-06, "yuri_yesterday": 1137710, "yuri_today": 1135600, "yuri_rate": -1.4406181277551124e-08}