{"yaoi_yesterday": 6300717, "yaoi_today": 6303653, "yaoi_rate": 1.6076887453888872e+21, "yuri_yesterday": 1308082, "yuri_today": 1308855, "yuri_rate": 3.272111623535453e+29}