{"yaoi_yesterday": 6212538, "yaoi_today": 6215127, "yaoi_rate": 30427484.160347316, "yuri_yesterday": 1265162, "yuri_today": 1265754, "yuri_rate": 105103220168.35443}