{"yaoi_yesterday": 7200144, "yaoi_today": 7202790, "yaoi_rate": 1.4433220078953715e+55, "yuri_yesterday": 1497717, "yuri_today": 1498347, "yuri_rate": 4.010904551270293e+61}