{"yaoi_yesterday": 5735800, "yaoi_today": 5737893, "yaoi_rate": 1.4642279851592422e-08, "yuri_yesterday": 1135533, "yuri_today": 1135992, "yuri_rate": 2.9224585385303507e-09}