{"yaoi_yesterday": 7000649, "yaoi_today": 7003415, "yaoi_rate": 7.561352271514196e+47, "yuri_yesterday": 1455458, "yuri_today": 1456182, "yuri_rate": 5.946487405392744e+54}