{"yaoi_yesterday": 7056475, "yaoi_today": 7059498, "yaoi_rate": 3.765822398702389e+49, "yuri_yesterday": 1466924, "yuri_today": 1467561, "yuri_rate": 1.1031220839292298e+56}