{"yaoi_yesterday": 6322158, "yaoi_today": 6325037, "yaoi_rate": 8.882402559584721e+21, "yuri_yesterday": 1312824, "yuri_today": 1313517, "yuri_rate": 1.1612765606182925e+30}