{"yaoi_yesterday": 6087603, "yaoi_today": 6089699, "yaoi_rate": 21.533642484410514, "yuri_yesterday": 1219196, "yuri_today": 1219824, "yuri_rate": 95225.44914657749}