{"yaoi_yesterday": 5745021, "yaoi_today": 5748378, "yaoi_rate": 3.6927901033888887e-07, "yuri_yesterday": 1142314, "yuri_today": 1142968, "yuri_rate": 2.3042624230782127e-13}