{"yaoi_yesterday": 5932468, "yaoi_today": 5934818, "yaoi_rate": 28.608468875548276, "yuri_yesterday": 1181855, "yuri_today": 1182569, "yuri_rate": 68.37660020427502}