{"yaoi_yesterday": 5995971, "yaoi_today": 5998908, "yaoi_rate": 95.18751995881041, "yuri_yesterday": 1196282, "yuri_today": 1196949, "yuri_rate": 632.9747993978611}