{"yaoi_yesterday": 6158440, "yaoi_today": 6161403, "yaoi_rate": 3097736.9324786095, "yuri_yesterday": 1252026, "yuri_today": 1252822, "yuri_rate": 1115216650.531617}