{"yaoi_yesterday": 6222719, "yaoi_today": 6225317, "yaoi_rate": 39922000.38668518, "yuri_yesterday": 1267472, "yuri_today": 1268061, "yuri_rate": 170860478693.09808}