{"yaoi_yesterday": 6560772, "yaoi_today": 6563609, "yaoi_rate": 1.6031193845759522e+30, "yuri_yesterday": 1364833, "yuri_today": 1365454, "yuri_rate": 1.674186280940626e+39}