{"yaoi_yesterday": 7044648, "yaoi_today": 7046789, "yaoi_rate": 1.1962990138435384e+49, "yuri_yesterday": 1464419, "yuri_today": 1464982, "yuri_rate": 4.3510181354928717e+55}