{"yaoi_yesterday": 6716903, "yaoi_today": 6720234, "yaoi_rate": 2.844802991472483e+35, "yuri_yesterday": 1398389, "yuri_today": 1399012, "yuri_rate": 2.0235141817412223e+44}