{"yaoi_yesterday": 6204020, "yaoi_today": 6206638, "yaoi_rate": 18483049.83840172, "yuri_yesterday": 1263411, "yuri_today": 1263937, "yuri_rate": 62893587741.91613}