{"yaoi_yesterday": 5703574, "yaoi_today": 5705834, "yaoi_rate": 1.7786647030735006e-07, "yuri_yesterday": 1133831, "yuri_today": 1134292, "yuri_rate": 4.598738256969919e-12}