{"yaoi_yesterday": 6020530, "yaoi_today": 6022571, "yaoi_rate": 25.659358461835907, "yuri_yesterday": 1202623, "yuri_today": 1203025, "yuri_rate": 1331.5207552800707}