{"yaoi_yesterday": 6737205, "yaoi_today": 6740530, "yaoi_rate": 1.0742772952659668e+36, "yuri_yesterday": 1402214, "yuri_today": 1402876, "yuri_rate": 3.2165084686026785e+44}