{"yaoi_yesterday": 6667066, "yaoi_today": 6669982, "yaoi_rate": 4.719127770277911e+33, "yuri_yesterday": 1387996, "yuri_today": 1388440, "yuri_rate": 5.1359739870812504e+42}