{"yaoi_yesterday": 7015826, "yaoi_today": 7018465, "yaoi_rate": 2.261359523671192e+48, "yuri_yesterday": 1458650, "yuri_today": 1459234, "yuri_rate": 1.383662899754211e+55}