{"yaoi_yesterday": 6713395, "yaoi_today": 6716903, "yaoi_rate": 2.0326121644264514e+35, "yuri_yesterday": 1397622, "yuri_today": 1398389, "yuri_rate": 1.65648833497275e+44}