{"yaoi_yesterday": 6339083, "yaoi_today": 6340515, "yaoi_rate": 5.921511028643697e+21, "yuri_yesterday": 1317136, "yuri_today": 1317800, "yuri_rate": 8.236082770249242e+30}