{"yaoi_yesterday": 5675479, "yaoi_today": 5670655, "yaoi_rate": 0.00011746138732092103, "yuri_yesterday": 1120479, "yuri_today": 1120021, "yuri_rate": 2.9185665402666166e-05}