{"yaoi_yesterday": 6776368, "yaoi_today": 6781292, "yaoi_rate": 9.752568019007072e+37, "yuri_yesterday": 1409893, "yuri_today": 1410766, "yuri_rate": 1.0536326412464225e+46}