{"yaoi_yesterday": 5876321, "yaoi_today": 5878516, "yaoi_rate": 1.6404707784146892e-07, "yuri_yesterday": 1169336, "yuri_today": 1169760, "yuri_rate": 2.6957332598524953e-17}