{"yaoi_yesterday": 6629207, "yaoi_today": 6631911, "yaoi_rate": 8.462711572299234e+32, "yuri_yesterday": 1380248, "yuri_today": 1380818, "yuri_rate": 2.5458608753222474e+42}