{"yaoi_yesterday": 7236436, "yaoi_today": 7239502, "yaoi_rate": 8.15350177299994e+56, "yuri_yesterday": 1505035, "yuri_today": 1505616, "yuri_rate": 1.0116772571492328e+63}