{"yaoi_yesterday": 6918208, "yaoi_today": 6924477, "yaoi_rate": 1.713385419273383e+44, "yuri_yesterday": 1437963, "yuri_today": 1439366, "yuri_rate": 7.520270223090592e+50}