{"yaoi_yesterday": 6846797, "yaoi_today": 6848391, "yaoi_rate": 5.749361022259968e+40, "yuri_yesterday": 1423162, "yuri_today": 1423577, "yuri_rate": 7.180209286439713e+47}