{"yaoi_yesterday": 6740530, "yaoi_today": 6743353, "yaoi_rate": 1.2742373128301784e+36, "yuri_yesterday": 1402876, "yuri_today": 1403513, "yuri_rate": 4.017482146078247e+44}