{"yaoi_yesterday": 5713949, "yaoi_today": 5716234, "yaoi_rate": 2.3188216347303568e-07, "yuri_yesterday": 1130451, "yuri_today": 1130983, "yuri_rate": 6.438142482672957e-08}