{"yaoi_yesterday": 6390290, "yaoi_today": 6393051, "yaoi_rate": 4.5349145550988015e+23, "yuri_yesterday": 1328074, "yuri_today": 1328712, "yuri_rate": 3.829915633703109e+32}