{"yaoi_yesterday": 7139687, "yaoi_today": 7142389, "yaoi_rate": 3.947977929682751e+52, "yuri_yesterday": 1484695, "yuri_today": 1485309, "yuri_rate": 9.410279872738663e+58}