{"yaoi_yesterday": 6228123, "yaoi_today": 6230919, "yaoi_rate": 55294662.82497139, "yuri_yesterday": 1268493, "yuri_today": 1269211, "yuri_rate": 203755554936.98727}