{"yaoi_yesterday": 6930989, "yaoi_today": 6934121, "yaoi_rate": 4.22002225634743e+44, "yuri_yesterday": 1440668, "yuri_today": 1441313, "yuri_rate": 1.5495575726166784e+51}