{"yaoi_yesterday": 5684725, "yaoi_today": 5686201, "yaoi_rate": 7.885463368961808e-07, "yuri_yesterday": 1123644, "yuri_today": 1124076, "yuri_rate": 3.812714796416108e-07}