{"yaoi_yesterday": 5878516, "yaoi_today": 5880155, "yaoi_rate": 1.0754926423286702e-07, "yuri_yesterday": 1169760, "yuri_today": 1170256, "yuri_rate": 2.2284728281447293e-17}