{"yaoi_yesterday": 5771749, "yaoi_today": 5774245, "yaoi_rate": 4.819769687111014e-07, "yuri_yesterday": 1147654, "yuri_today": 1148327, "yuri_rate": 7.094910267725632e-14}