{"yaoi_yesterday": 6100874, "yaoi_today": 6061441, "yaoi_rate": -2435.5773470039903, "yuri_yesterday": 1224151, "yuri_today": 1222705, "yuri_rate": 49564.36441270856}