{"yaoi_yesterday": 5678093, "yaoi_today": 5679261, "yaoi_rate": 3.5870808556372534e-06, "yuri_yesterday": 1121781, "yuri_today": 1122124, "yuri_rate": 9.033716637706954e-07}