{"yaoi_yesterday": 7308064, "yaoi_today": 7311153, "yaoi_rate": -2.675292199215544e+64, "yuri_yesterday": 1534113, "yuri_today": 1534722, "yuri_rate": 2.811249194699914e+68}