{"yaoi_yesterday": 7049955, "yaoi_today": 7052942, "yaoi_rate": 1.9972478565557084e+49, "yuri_yesterday": 1465590, "yuri_today": 1466302, "yuri_rate": 7.241593028767097e+55}