{"yaoi_yesterday": 5711361, "yaoi_today": 5713949, "yaoi_rate": 2.5370039767290554e-07, "yuri_yesterday": 1129915, "yuri_today": 1130451, "yuri_rate": 7.261062950383034e-08}