{"yaoi_yesterday": 7136199, "yaoi_today": 7139687, "yaoi_rate": 3.4774935131920603e+52, "yuri_yesterday": 1484116, "yuri_today": 1484695, "yuri_rate": 7.81635624608586e+58}