{"yaoi_yesterday": 6245329, "yaoi_today": 6248324, "yaoi_rate": 4.105311391934341e+19, "yuri_yesterday": 1296469, "yuri_today": 1297002, "yuri_rate": 1.1276581152994702e+28}