{"yaoi_yesterday": 7287482, "yaoi_today": 7290229, "yaoi_rate": -5.598417611903744e+63, "yuri_yesterday": 1529495, "yuri_today": 1530070, "yuri_rate": 4.4992819695313036e+67}