{"yaoi_yesterday": 7116834, "yaoi_today": 7120186, "yaoi_rate": 6.927720078964386e+51, "yuri_yesterday": 1480438, "yuri_today": 1481109, "yuri_rate": 3.084673053033078e+58}