{"yaoi_yesterday": 6201810, "yaoi_today": 6204488, "yaoi_rate": 6.261361979626258e+17, "yuri_yesterday": 1286053, "yuri_today": 1286675, "yuri_rate": 5.395930965640329e+25}