{"yaoi_yesterday": 5981555, "yaoi_today": 5984285, "yaoi_rate": 306.9160665081131, "yuri_yesterday": 1192848, "yuri_today": 1193475, "yuri_rate": 859.0344642837296}