{"yaoi_yesterday": 6880733, "yaoi_today": 6884023, "yaoi_rate": 2.2061286463056877e+42, "yuri_yesterday": 1429768, "yuri_today": 1430535, "yuri_rate": 8.302764238079078e+48}