{"yaoi_yesterday": 6794907, "yaoi_today": 6799005, "yaoi_rate": 6.983071956179995e+38, "yuri_yesterday": 1413395, "yuri_today": 1414093, "yuri_rate": 3.9002540475184114e+46}