{"yaoi_yesterday": 5687893, "yaoi_today": 5689792, "yaoi_rate": 3.7157059939955194e-07, "yuri_yesterday": 1132556, "yuri_today": 1132922, "yuri_rate": 9.782537258376574e-10}