{"yaoi_yesterday": 6497762, "yaoi_today": 6500334, "yaoi_rate": 9.599773271608593e+26, "yuri_yesterday": 1351161, "yuri_today": 1351866, "yuri_rate": 1.0937570885242963e+36}