{"yaoi_yesterday": 5769067, "yaoi_today": 5771749, "yaoi_rate": 4.827493676994205e-07, "yuri_yesterday": 1147140, "yuri_today": 1147654, "yuri_rate": 6.325328619071887e-14}