{"yaoi_yesterday": 6047094, "yaoi_today": 6049024, "yaoi_rate": 1916.352643431214, "yuri_yesterday": 1227068, "yuri_today": 1227633, "yuri_rate": -48678.71276226395}