{"yaoi_yesterday": 6099509, "yaoi_today": 6101905, "yaoi_rate": 9364.168830452607, "yuri_yesterday": 1239104, "yuri_today": 1239629, "yuri_rate": 1911316.446957112}