{"yaoi_yesterday": 6044909, "yaoi_today": 6047094, "yaoi_rate": 2363.1706172882327, "yuri_yesterday": 1226509, "yuri_today": 1227068, "yuri_rate": -43940.07700664533}