{"yaoi_yesterday": 5738463, "yaoi_today": 5740951, "yaoi_rate": 4.220943764531492e-07, "yuri_yesterday": 1140628, "yuri_today": 1141184, "yuri_rate": 2.3846313898513283e-13}