{"yaoi_yesterday": 6128359, "yaoi_today": 6131840, "yaoi_rate": 162806.64943710508, "yuri_yesterday": 1245689, "yuri_today": 1246473, "yuri_rate": 57123582.836952776}