{"yaoi_yesterday": 5717186, "yaoi_today": 5720194, "yaoi_rate": 3.4399710004768057e-07, "yuri_yesterday": 1135947, "yuri_today": 1136596, "yuri_rate": 8.513274815657414e-13}