{"yaoi_yesterday": 6599135, "yaoi_today": 6602246, "yaoi_rate": 5.10187751944111e+31, "yuri_yesterday": 1373435, "yuri_today": 1374180, "yuri_rate": 1.1050893969084905e+41}