{"yaoi_yesterday": 5690872, "yaoi_today": 5692551, "yaoi_rate": 4.3441479048422983e-07, "yuri_yesterday": 1125155, "yuri_today": 1125724, "yuri_rate": 2.6741697764603265e-07}