{"yaoi_yesterday": 6566515, "yaoi_today": 6570211, "yaoi_rate": 3.0397615964817534e+30, "yuri_yesterday": 1366134, "yuri_today": 1366839, "yuri_rate": 3.085755106047428e+39}