{"yaoi_yesterday": 6476643, "yaoi_today": 6479803, "yaoi_rate": 2.793377209147868e+26, "yuri_yesterday": 1346405, "yuri_today": 1347077, "yuri_rate": 1.5674720468240912e+35}