{"yaoi_yesterday": 7113422, "yaoi_today": 7116834, "yaoi_rate": 4.918846595446073e+51, "yuri_yesterday": 1479682, "yuri_today": 1480438, "yuri_rate": 2.3445354054349773e+58}