{"yaoi_yesterday": 6640834, "yaoi_today": 6643897, "yaoi_rate": 2.1169846996543748e+33, "yuri_yesterday": 1382540, "yuri_today": 1383086, "yuri_rate": 3.501315224462434e+42}