{"yaoi_yesterday": 6286831, "yaoi_today": 6290072, "yaoi_rate": 8.836353358761769e+20, "yuri_yesterday": 1304668, "yuri_today": 1305269, "yuri_rate": 6.253677974361184e+28}