{"yaoi_yesterday": 6377830, "yaoi_today": 6381358, "yaoi_rate": 2.0178131149477666e+23, "yuri_yesterday": 1325491, "yuri_today": 1326191, "yuri_rate": 1.6450981314523473e+32}