{"yaoi_yesterday": 5629189, "yaoi_today": 5631319, "yaoi_rate": 0.3318746503055489, "yuri_yesterday": 1108376, "yuri_today": 1108786, "yuri_rate": 0.19262323675380233}