{"yaoi_yesterday": 5653241, "yaoi_today": 5655433, "yaoi_rate": 0.012561482986024634, "yuri_yesterday": 1113980, "yuri_today": 1114468, "yuri_rate": 0.005232231070016282}