{"yaoi_yesterday": 5960879, "yaoi_today": 5963902, "yaoi_rate": 81.61060817967306, "yuri_yesterday": 1188445, "yuri_today": 1189253, "yuri_rate": 433.18496781618654}