{"yaoi_yesterday": 7059498, "yaoi_today": 7062304, "yaoi_rate": 4.439872962503741e+49, "yuri_yesterday": 1467561, "yuri_today": 1468556, "yuri_rate": 2.1521695559011444e+56}