{"yaoi_yesterday": 6525325, "yaoi_today": 6529259, "yaoi_rate": 4.3909034333018835e+28, "yuri_yesterday": 1357623, "yuri_today": 1358488, "yuri_rate": 7.856420297408103e+37}