{"yaoi_yesterday": 5688610, "yaoi_today": 5687798, "yaoi_rate": 1.2872793139032729e-05, "yuri_yesterday": 1132403, "yuri_today": 1132363, "yuri_rate": 4.98557916845829e-09}