{"yaoi_yesterday": 5705038, "yaoi_today": 5707106, "yaoi_rate": 3.4001804510354284e-07, "yuri_yesterday": 1128552, "yuri_today": 1129016, "yuri_rate": 1.450661349540165e-07}