{"yaoi_yesterday": 6791471, "yaoi_today": 6794907, "yaoi_rate": 4.055566436239235e+38, "yuri_yesterday": 1412829, "yuri_today": 1413395, "yuri_rate": 2.8497558226853723e+46}