{"yaoi_yesterday": 6384607, "yaoi_today": 6387637, "yaoi_rate": 3.5068675721541275e+23, "yuri_yesterday": 1326809, "yuri_today": 1327417, "yuri_rate": 2.3765311507282998e+32}