{"yaoi_yesterday": 5676752, "yaoi_today": 5678093, "yaoi_rate": 7.677827173881107e-06, "yuri_yesterday": 1121444, "yuri_today": 1121781, "yuri_rate": 1.5802419774414497e-06}