{"yaoi_yesterday": 5827894, "yaoi_today": 5829807, "yaoi_rate": 3.5090183405317555e-07, "yuri_yesterday": 1159050, "yuri_today": 1159397, "yuri_rate": 8.335856253762138e-16}