{"yaoi_yesterday": 7029803, "yaoi_today": 7033204, "yaoi_rate": 6.470156669080034e+48, "yuri_yesterday": 1461510, "yuri_today": 1462148, "yuri_rate": 2.647943853694413e+55}