{"yaoi_yesterday": 6468577, "yaoi_today": 6471015, "yaoi_rate": 1.5081301485615892e+26, "yuri_yesterday": 1344440, "yuri_today": 1345105, "yuri_rate": 7.3248311145387855e+34}