{"yaoi_yesterday": 6539549, "yaoi_today": 6542728, "yaoi_rate": 1.743227349129116e+29, "yuri_yesterday": 1360601, "yuri_today": 1361225, "yuri_rate": 2.5153811156221968e+38}