{"yaoi_yesterday": 6831315, "yaoi_today": 6834620, "yaoi_rate": 3.377629907306514e+40, "yuri_yesterday": 1420021, "yuri_today": 1420530, "yuri_rate": 3.3411642948594733e+47}