{"yaoi_yesterday": 5801517, "yaoi_today": 5803965, "yaoi_rate": 3.6959249162873546e-07, "yuri_yesterday": 1153632, "yuri_today": 1154107, "yuri_rate": 4.723654088786834e-15}