{"yaoi_yesterday": 6580266, "yaoi_today": 6583234, "yaoi_rate": 1.0538364135468853e+31, "yuri_yesterday": 1369076, "yuri_today": 1369764, "yuri_rate": 1.2837823856638158e+40}