{"yaoi_yesterday": 6174535, "yaoi_today": 6177511, "yaoi_rate": 6154038.002282947, "yuri_yesterday": 1256338, "yuri_today": 1257160, "yuri_rate": 8448866160.7800045}