{"yaoi_yesterday": 6834620, "yaoi_today": 6838266, "yaoi_rate": 5.174301950436786e+40, "yuri_yesterday": 1420530, "yuri_today": 1421309, "yuri_rate": 5.103464677834371e+47}