{"yaoi_yesterday": 6184151, "yaoi_today": 6186369, "yaoi_rate": 9.944797156774507e+16, "yuri_yesterday": 1281146, "yuri_today": 1281805, "yuri_rate": 2.834532208792405e+24}