{"yaoi_yesterday": 6303653, "yaoi_today": 6307138, "yaoi_rate": 2.3541156628908705e+21, "yuri_yesterday": 1308855, "yuri_today": 1309500, "yuri_rate": 4.13825881800072e+29}