{"yaoi_yesterday": 5620760, "yaoi_today": 5623266, "yaoi_rate": 0.8155703387251406, "yuri_yesterday": 1106495, "yuri_today": 1106944, "yuri_rate": 0.5634210812962963}