{"yaoi_yesterday": 7142389, "yaoi_today": 7144824, "yaoi_rate": 4.0392127137720576e+52, "yuri_yesterday": 1485309, "yuri_today": 1485844, "yuri_rate": 9.87156810179448e+58}