{"yaoi_yesterday": 6466340, "yaoi_today": 6468577, "yaoi_rate": 1.4722517446991725e+26, "yuri_yesterday": 1343968, "yuri_today": 1344440, "yuri_rate": 5.6175396517515495e+34}