{"yaoi_yesterday": 6018593, "yaoi_today": 6020530, "yaoi_rate": 29.921250925609733, "yuri_yesterday": 1202129, "yuri_today": 1202623, "yuri_rate": 1689.2427492359107}