{"yaoi_yesterday": 5949031, "yaoi_today": 5951251, "yaoi_rate": 61.8659652915017, "yuri_yesterday": 1185634, "yuri_today": 1186190, "yuri_rate": 183.25630393965363}