{"yaoi_yesterday": 6828371, "yaoi_today": 6831315, "yaoi_rate": 2.432302323567172e+40, "yuri_yesterday": 1419467, "yuri_today": 1420021, "yuri_rate": 3.347728468326781e+47}