{"yaoi_yesterday": 6943042, "yaoi_today": 6951086, "yaoi_rate": 4.4727255258326756e+45, "yuri_yesterday": 1442832, "yuri_today": 1444321, "yuri_rate": 9.141048436371831e+51}