{"yaoi_yesterday": 7247905, "yaoi_today": 7250225, "yaoi_rate": -2.6260795747849135e+62, "yuri_yesterday": 1520831, "yuri_today": 1521527, "yuri_rate": 5.978329785380053e+66}