{"yaoi_yesterday": 5726249, "yaoi_today": 5728660, "yaoi_rate": 7.05562265040326e-08, "yuri_yesterday": 1133216, "yuri_today": 1133704, "yuri_rate": 1.1812834938811597e-08}