{"yaoi_yesterday": 7330693, "yaoi_today": 7333833, "yaoi_rate": -5.494814280459653e+65, "yuri_yesterday": 1538707, "yuri_today": 1539295, "yuri_rate": 3.8341180748271855e+69}