{"yaoi_yesterday": 6755326, "yaoi_today": 6758632, "yaoi_rate": 4.402508763551873e+36, "yuri_yesterday": 1405838, "yuri_today": 1406526, "yuri_rate": 9.077892385111799e+44}