{"yaoi_yesterday": 5787055, "yaoi_today": 5789439, "yaoi_rate": 4.6101901486980183e-07, "yuri_yesterday": 1150857, "yuri_today": 1151389, "yuri_rate": 2.586279564543825e-14}