{"yaoi_yesterday": 5837856, "yaoi_today": 5839992, "yaoi_rate": 3.6878422153617906e-07, "yuri_yesterday": 1161320, "yuri_today": 1161797, "yuri_rate": 8.046591988366622e-16}