{"yaoi_yesterday": 7183742, "yaoi_today": 7194235, "yaoi_rate": -8.456692539162394e+59, "yuri_yesterday": 1506826, "yuri_today": 1509171, "yuri_rate": 1.1135286176867293e+64}