{"yaoi_yesterday": 7003415, "yaoi_today": 7006052, "yaoi_rate": 8.377851235286947e+47, "yuri_yesterday": 1456182, "yuri_today": 1456794, "yuri_rate": 7.135784886471292e+54}