{"yaoi_yesterday": 6216914, "yaoi_today": 6219874, "yaoi_rate": 3.717772248657867e+18, "yuri_yesterday": 1289344, "yuri_today": 1289981, "yuri_rate": 3.064936461668714e+26}