{"yaoi_yesterday": 6161403, "yaoi_today": 6163816, "yaoi_rate": 3140688.747088607, "yuri_yesterday": 1252822, "yuri_today": 1253505, "yuri_rate": 1493515631.9864595}