{"yaoi_yesterday": 5718181, "yaoi_today": 5720180, "yaoi_rate": 1.4439962719867504e-07, "yuri_yesterday": 1131439, "yuri_today": 1131900, "yuri_rate": 3.759446000382162e-08}