{"yaoi_yesterday": 6059717, "yaoi_today": 6064690, "yaoi_rate": 2142.577232383908, "yuri_yesterday": 1229544, "yuri_today": 1231007, "yuri_rate": 251261.63857694482}