{"yaoi_yesterday": 6699371, "yaoi_today": 6702814, "yaoi_rate": 9.042486705431531e+34, "yuri_yesterday": 1394917, "yuri_today": 1395402, "yuri_rate": 7.977669447083066e+43}