{"yaoi_yesterday": 7234774, "yaoi_today": 7238108, "yaoi_rate": -1.0439682326775385e+62, "yuri_yesterday": 1518191, "yuri_today": 1518913, "yuri_rate": 2.2311274030300126e+66}