{"yaoi_yesterday": 5625257, "yaoi_today": 5627565, "yaoi_rate": 0.5996370650366801, "yuri_yesterday": 1107392, "yuri_today": 1107913, "yuri_rate": 0.36529718817557205}