{"yaoi_yesterday": 6231821, "yaoi_today": 6234842, "yaoi_rate": 1.1562852490994178e+19, "yuri_yesterday": 1293339, "yuri_today": 1294078, "yuri_rate": 3.2118412613866177e+27}