{"yaoi_yesterday": 5686201, "yaoi_today": 5687964, "yaoi_rate": 5.560828767791868e-07, "yuri_yesterday": 1124076, "yuri_today": 1124458, "yuri_rate": 2.4274284203849225e-07}