{"yaoi_yesterday": 5701688, "yaoi_today": 5703574, "yaoi_rate": 1.9675494503025448e-07, "yuri_yesterday": 1133650, "yuri_today": 1133831, "yuri_rate": 5.9853426338003284e-12}