{"yaoi_yesterday": 7315056, "yaoi_today": 7321445, "yaoi_rate": -1.1777381643714425e+65, "yuri_yesterday": 1535404, "yuri_today": 1536753, "yuri_rate": 9.943867211108903e+68}