{"yaoi_yesterday": 5682698, "yaoi_today": 5684717, "yaoi_rate": 0.0009197953216797343, "yuri_yesterday": 1120764, "yuri_today": 1121201, "yuri_rate": 0.0001696997995059979}