{"yaoi_yesterday": 7238108, "yaoi_today": 7241495, "yaoi_rate": -1.4856808420499256e+62, "yuri_yesterday": 1518913, "yuri_today": 1519520, "yuri_rate": 2.6554790855670933e+66}