{"yaoi_yesterday": 6175836, "yaoi_today": 6167485, "yaoi_rate": 3.724395719978471e+16, "yuri_yesterday": 1274764, "yuri_today": 1275732, "yuri_rate": 1.3291122376951902e+23}