{"yaoi_yesterday": 6168620, "yaoi_today": 6181511, "yaoi_rate": 9.620206064505546e+16, "yuri_yesterday": 1276698, "yuri_today": 1280559, "yuri_rate": 1.9058917608035106e+24}