{"yaoi_yesterday": 6017124, "yaoi_today": 6018593, "yaoi_rate": 36.76436613471924, "yuri_yesterday": 1201612, "yuri_today": 1202129, "yuri_rate": 1743.9550650006365}