{"yaoi_yesterday": 6313633, "yaoi_today": 6316449, "yaoi_rate": 5.185917210542658e+21, "yuri_yesterday": 1311011, "yuri_today": 1311627, "yuri_rate": 1.09306860502985e+30}