{"yaoi_yesterday": 7209237, "yaoi_today": 7212178, "yaoi_rate": 3.255900392478669e+55, "yuri_yesterday": 1499770, "yuri_today": 1500491, "yuri_rate": 1.092154260595134e+62}