{"yaoi_yesterday": 6064602, "yaoi_today": 6066498, "yaoi_rate": 31.474044430679513, "yuri_yesterday": 1213350, "yuri_today": 1213934, "yuri_rate": 25894.56519728102}