{"yaoi_yesterday": 5763808, "yaoi_today": 5766198, "yaoi_rate": 1.4016849269953939e-08, "yuri_yesterday": 1141409, "yuri_today": 1141931, "yuri_rate": 4.3732256202761477e-10}