{"yaoi_yesterday": 5745096, "yaoi_today": 5747245, "yaoi_rate": 1.1086325077673782e-08, "yuri_yesterday": 1137443, "yuri_today": 1138048, "yuri_rate": 1.400123390318214e-09}