{"yaoi_yesterday": 5869252, "yaoi_today": 5871676, "yaoi_rate": 2.1660303072908904e-07, "yuri_yesterday": 1167771, "yuri_today": 1168370, "yuri_rate": 5.945399379933384e-17}