{"yaoi_yesterday": 6998703, "yaoi_today": 7000649, "yaoi_rate": 6.506152713739618e+47, "yuri_yesterday": 1454712, "yuri_today": 1455458, "yuri_rate": 4.188824001036325e+54}