{"yaoi_yesterday": 5979089, "yaoi_today": 5981555, "yaoi_rate": 267.56785285322684, "yuri_yesterday": 1192348, "yuri_today": 1192848, "yuri_rate": 698.7361671207369}