{"yaoi_yesterday": 5740171, "yaoi_today": 5742783, "yaoi_rate": 1.3939769034725557e-08, "yuri_yesterday": 1136537, "yuri_today": 1137120, "yuri_rate": 2.5793537881665024e-09}