{"yaoi_yesterday": 7311153, "yaoi_today": 7315056, "yaoi_rate": -4.3872543922429694e+64, "yuri_yesterday": 1534722, "yuri_today": 1535404, "yuri_rate": 3.7593567662457674e+68}