{"yaoi_yesterday": 6220219, "yaoi_today": 6222719, "yaoi_rate": 36572117.36732515, "yuri_yesterday": 1266899, "yuri_today": 1267472, "yuri_rate": 147943708206.24792}