{"yaoi_yesterday": 7205554, "yaoi_today": 7208836, "yaoi_rate": -2.3254675663727495e+60, "yuri_yesterday": 1511844, "yuri_today": 1512571, "yuri_rate": 4.53382733823696e+64}