{"yaoi_yesterday": 5927363, "yaoi_today": 5930312, "yaoi_rate": 31.98393618968453, "yuri_yesterday": 1180745, "yuri_today": 1181330, "yuri_rate": 47.444987896843905}