{"yaoi_yesterday": 5751452, "yaoi_today": 5753877, "yaoi_rate": 7.611751952925984e-09, "yuri_yesterday": 1138954, "yuri_today": 1139245, "yuri_rate": 3.753088308376241e-10}