{"yaoi_yesterday": 6036330, "yaoi_today": 6034810, "yaoi_rate": 6295.184694566854, "yuri_yesterday": 1223128, "yuri_today": 1223954, "yuri_rate": -45305.164666824145}