{"yaoi_yesterday": 5845864, "yaoi_today": 5848483, "yaoi_rate": 1.761206263425491e-07, "yuri_yesterday": 1163141, "yuri_today": 1163721, "yuri_rate": 3.2343656599370443e-16}