{"yaoi_yesterday": 7275291, "yaoi_today": 7278728, "yaoi_rate": -6.95610516993409e+63, "yuri_yesterday": 1527430, "yuri_today": 1527551, "yuri_rate": 4.9499840566021234e+67}