{"yaoi_yesterday": 7052942, "yaoi_today": 7056475, "yaoi_rate": 2.9648221332820663e+49, "yuri_yesterday": 1466302, "yuri_today": 1466924, "yuri_rate": 8.831903654692421e+55}