{"yaoi_yesterday": 6675358, "yaoi_today": 6678302, "yaoi_rate": 1.318575152691077e+34, "yuri_yesterday": 1389706, "yuri_today": 1390418, "yuri_rate": 1.7799022930269675e+43}