{"yaoi_yesterday": 6240395, "yaoi_today": 6245329, "yaoi_rate": 3.2623175668793766e+19, "yuri_yesterday": 1295343, "yuri_today": 1296469, "yuri_rate": 1.0789974461589678e+28}