{"yaoi_yesterday": 6225317, "yaoi_today": 6228123, "yaoi_rate": 47067702.97690698, "yuri_yesterday": 1268061, "yuri_today": 1268493, "yuri_rate": 144728876069.44778}