{"yaoi_yesterday": 6405344, "yaoi_today": 6409321, "yaoi_rate": 2.0869909521665196e+24, "yuri_yesterday": 1331291, "yuri_today": 1331850, "yuri_rate": 1.0338645428633957e+33}