{"yaoi_yesterday": 5752906, "yaoi_today": 5755271, "yaoi_rate": 2.864957925972183e-07, "yuri_yesterday": 1144079, "yuri_today": 1144583, "yuri_rate": 1.6544373771459257e-13}