{"yaoi_yesterday": 5912932, "yaoi_today": 5915475, "yaoi_rate": 10.66690539380084, "yuri_yesterday": 1177673, "yuri_today": 1178240, "yuri_rate": 18.217007698308997}