{"yaoi_yesterday": 6867227, "yaoi_today": 6873422, "yaoi_rate": 6.8540471834850655e+41, "yuri_yesterday": 1427253, "yuri_today": 1428433, "yuri_rate": 3.4534516925178645e+48}