{"yaoi_yesterday": 7091825, "yaoi_today": 7095154, "yaoi_rate": 8.041240306996383e+50, "yuri_yesterday": 1474673, "yuri_today": 1475652, "yuri_rate": 3.1283802633929e+57}