{"yaoi_yesterday": 7062304, "yaoi_today": 7065327, "yaoi_rate": 5.639384859516306e+49, "yuri_yesterday": 1468556, "yuri_today": 1468846, "yuri_rate": 1.2237826886496704e+56}