{"yaoi_yesterday": 6094735, "yaoi_today": 6098029, "yaoi_rate": 32.998493500427244, "yuri_yesterday": 1221060, "yuri_today": 1221725, "yuri_rate": 182168.17722619575}