{"yaoi_yesterday": 7024137, "yaoi_today": 7026780, "yaoi_rate": 3.5647077625236753e+48, "yuri_yesterday": 1460446, "yuri_today": 1461005, "yuri_rate": 2.137652305614441e+55}