{"yaoi_yesterday": 5704157, "yaoi_today": 5692956, "yaoi_rate": 2.2798541073654323e-05, "yuri_yesterday": 1135600, "yuri_today": 1133173, "yuri_rate": 5.8273003267694294e-08}