{"yaoi_yesterday": 6479803, "yaoi_today": 6483033, "yaoi_rate": 3.791011926700678e+26, "yuri_yesterday": 1347077, "yuri_today": 1347851, "yuri_rate": 2.3788693416506795e+35}