{"yaoi_yesterday": 7193638, "yaoi_today": 7196834, "yaoi_rate": 9.334677414831876e+54, "yuri_yesterday": 1496322, "yuri_today": 1496854, "yuri_rate": 1.9188071764891816e+61}