{"yaoi_yesterday": 5700670, "yaoi_today": 5702930, "yaoi_rate": 4.874845348054989e-07, "yuri_yesterday": 1127616, "yuri_today": 1128052, "yuri_rate": 2.2510262320450836e-07}