{"yaoi_yesterday": 7206238, "yaoi_today": 7209237, "yaoi_rate": 2.634832687554992e+55, "yuri_yesterday": 1499131, "yuri_today": 1499770, "yuri_rate": 7.725363008370574e+61}