{"yaoi_yesterday": 6251391, "yaoi_today": 6254702, "yaoi_rate": 7.359785329308726e+19, "yuri_yesterday": 1297789, "yuri_today": 1298232, "yuri_rate": 1.5115257707655619e+28}