{"yaoi_yesterday": 6570211, "yaoi_today": 6573709, "yaoi_rate": 4.4676832203752833e+30, "yuri_yesterday": 1366839, "yuri_today": 1367677, "yuri_rate": 5.07031917425048e+39}