{"yaoi_yesterday": 7230605, "yaoi_today": 7234774, "yaoi_rate": -7.452442692779069e+61, "yuri_yesterday": 1517405, "yuri_today": 1518191, "yuri_rate": 1.5760041212538869e+66}