{"yaoi_yesterday": 7085657, "yaoi_today": 7088452, "yaoi_rate": 4.056456458467188e+50, "yuri_yesterday": 1473340, "yuri_today": 1473989, "yuri_rate": 1.2151253912700233e+57}