{"yaoi_yesterday": 5671774, "yaoi_today": 5673638, "yaoi_rate": 3.9200454568987876e-05, "yuri_yesterday": 1120414, "yuri_today": 1120588, "yuri_rate": 5.543817143236438e-06}