{"yaoi_yesterday": 7229849, "yaoi_today": 7233444, "yaoi_rate": 5.03459273031856e+56, "yuri_yesterday": 1503750, "yuri_today": 1504330, "yuri_rate": 6.424170959449114e+62}