{"yaoi_yesterday": 6114401, "yaoi_today": 6117333, "yaoi_rate": 32452.0160410037, "yuri_yesterday": 1242495, "yuri_today": 1243125, "yuri_rate": 8973588.210946966}