{"yaoi_yesterday": 7196834, "yaoi_today": 7200144, "yaoi_rate": 1.2982261446677944e+55, "yuri_yesterday": 1496854, "yuri_today": 1497717, "yuri_rate": 3.246922731980713e+61}