{"yaoi_yesterday": 5734043, "yaoi_today": 5735868, "yaoi_rate": 4.0860327689784684e-07, "yuri_yesterday": 1139886, "yuri_today": 1140126, "yuri_rate": 3.075709035607492e-13}