{"yaoi_yesterday": 6850681, "yaoi_today": 6853508, "yaoi_rate": 6.57093176095213e+40, "yuri_yesterday": 1423865, "yuri_today": 1424395, "yuri_rate": 4.213714515502337e+47}