{"yaoi_yesterday": 5756664, "yaoi_today": 5761636, "yaoi_rate": 1.687612364618001e-08, "yuri_yesterday": 1139748, "yuri_today": 1140917, "yuri_rate": 6.130117213731634e-10}