{"yaoi_yesterday": 5692551, "yaoi_today": 5695618, "yaoi_rate": 5.329400649660531e-07, "yuri_yesterday": 1125724, "yuri_today": 1126388, "yuri_rate": 2.959414552616095e-07}