{"yaoi_yesterday": 5930312, "yaoi_today": 5932468, "yaoi_rate": 28.973683371831868, "yuri_yesterday": 1181330, "yuri_today": 1181855, "yuri_rate": 48.84042871733931}