{"yaoi_yesterday": 7161979, "yaoi_today": 7164556, "yaoi_rate": 2.1076499776446103e+53, "yuri_yesterday": 1489617, "yuri_today": 1490289, "yuri_rate": 7.73963433276349e+59}