{"yaoi_yesterday": 6439679, "yaoi_today": 6442719, "yaoi_rate": 7.596675929627052e+25, "yuri_yesterday": 1338153, "yuri_today": 1338872, "yuri_rate": 2.826323382891636e+34}