{"yaoi_yesterday": 6295666, "yaoi_today": 6298744, "yaoi_rate": 1.5720731457407998e+21, "yuri_yesterday": 1306759, "yuri_today": 1307529, "yuri_rate": 1.9909659724601584e+29}