{"yaoi_yesterday": 6043812, "yaoi_today": 6035937, "yaoi_rate": -59693.391227910295, "yuri_yesterday": 1222205, "yuri_today": 1222415, "yuri_rate": -20008.682288867352}