{"yaoi_yesterday": 5705834, "yaoi_today": 5709049, "yaoi_rate": 2.287362808152522e-07, "yuri_yesterday": 1134292, "yuri_today": 1134678, "yuri_rate": 2.9585216119839814e-12}