{"yaoi_yesterday": 6586421, "yaoi_today": 6588510, "yaoi_rate": 1.2386248537877841e+31, "yuri_yesterday": 1370357, "yuri_today": 1371099, "yuri_rate": 2.1717491441230025e+40}