{"yaoi_yesterday": 7036350, "yaoi_today": 7039012, "yaoi_rate": 9.565939991706879e+48, "yuri_yesterday": 1462785, "yuri_today": 1463247, "yuri_rate": 2.996055319027849e+55}