{"yaoi_yesterday": 6075143, "yaoi_today": 6077549, "yaoi_rate": 3101.3804737322666, "yuri_yesterday": 1233268, "yuri_today": 1233766, "yuri_rate": 362363.86418269743}