{"yaoi_yesterday": 7181641, "yaoi_today": 7183742, "yaoi_rate": -1.918129061584532e+59, "yuri_yesterday": 1506326, "yuri_today": 1506826, "yuri_rate": 2.4217466738602642e+63}