{"yaoi_yesterday": 6237612, "yaoi_today": 6240395, "yaoi_rate": 1.5736351457585965e+19, "yuri_yesterday": 1294776, "yuri_today": 1295343, "yuri_rate": 4.8871109905956796e+27}