{"yaoi_yesterday": 5697563, "yaoi_today": 5700143, "yaoi_rate": 4.2202239854183293e-07, "yuri_yesterday": 1133690, "yuri_today": 1134120, "yuri_rate": -2.532882741469517e-11}