{"yaoi_yesterday": 5646118, "yaoi_today": 5648308, "yaoi_rate": 0.014722484832090241, "yuri_yesterday": 1112689, "yuri_today": 1113107, "yuri_rate": 0.01657984246775517}