{"yaoi_yesterday": 6602246, "yaoi_today": 6605388, "yaoi_rate": 6.735335784068893e+31, "yuri_yesterday": 1374180, "yuri_today": 1374912, "yuri_rate": 1.5861283108568922e+41}