{"yaoi_yesterday": 6591912, "yaoi_today": 6596269, "yaoi_rate": 3.241214292072838e+31, "yuri_yesterday": 1371760, "yuri_today": 1372646, "yuri_rate": 4.889950785309727e+40}