{"yaoi_yesterday": 7293016, "yaoi_today": 7296379, "yaoi_rate": -9.26350229170885e+63, "yuri_yesterday": 1530701, "yuri_today": 1531473, "yuri_rate": 8.426544499737498e+67}