{"yaoi_yesterday": 7296379, "yaoi_today": 7299018, "yaoi_rate": -1.0271589305806578e+64, "yuri_yesterday": 1531473, "yuri_today": 1532172, "yuri_rate": 1.154932275552257e+68}