{"yaoi_yesterday": 6848391, "yaoi_today": 6850681, "yaoi_rate": 5.531948210493834e+40, "yuri_yesterday": 1423577, "yuri_today": 1423865, "yuri_rate": 4.05470642057772e+47}