{"yaoi_yesterday": 6318946, "yaoi_today": 6322158, "yaoi_rate": 7.34286838895854e+21, "yuri_yesterday": 1312619, "yuri_today": 1312824, "yuri_rate": 8.546191138749339e+29}