{"yaoi_yesterday": 6356227, "yaoi_today": 6359474, "yaoi_rate": 3.1639076829975336e+22, "yuri_yesterday": 1321159, "yuri_today": 1321843, "yuri_rate": 4.320593978287454e+31}