{"yaoi_yesterday": 7284869, "yaoi_today": 7287482, "yaoi_rate": -4.850467388544198e+63, "yuri_yesterday": 1528949, "yuri_today": 1529495, "yuri_rate": 3.990667486019069e+67}