{"yaoi_yesterday": 6004906, "yaoi_today": 6006719, "yaoi_rate": 42.8028896419039, "yuri_yesterday": 1198543, "yuri_today": 1199051, "yuri_rate": 702.9574802601271}