{"yaoi_yesterday": 6722963, "yaoi_today": 6725713, "yaoi_rate": 3.769072673231607e+35, "yuri_yesterday": 1399405, "yuri_today": 1399900, "yuri_rate": 1.5134345688005717e+44}