{"yaoi_yesterday": 6746619, "yaoi_today": 6749509, "yaoi_rate": 2.1232954406649807e+36, "yuri_yesterday": 1404147, "yuri_today": 1404723, "yuri_rate": 5.6406005383830785e+44}