{"yaoi_yesterday": 5728660, "yaoi_today": 5730227, "yaoi_rate": 4.4224642772727636e-08, "yuri_yesterday": 1133704, "yuri_today": 1134256, "yuri_rate": 1.086780814370667e-08}