{"yaoi_yesterday": 5678363, "yaoi_today": 5680776, "yaoi_rate": 0.0014814312832715476, "yuri_yesterday": 1119762, "yuri_today": 1120260, "yuri_rate": 0.0002773779004674696}