{"yaoi_yesterday": 6758632, "yaoi_today": 6762157, "yaoi_rate": 6.520522433411913e+36, "yuri_yesterday": 1406526, "yuri_today": 1407204, "yuri_rate": 1.2068256935501567e+45}