{"yaoi_yesterday": 6104030, "yaoi_today": 6105594, "yaoi_rate": -74.12317655934633, "yuri_yesterday": 1223297, "yuri_today": 1223820, "yuri_rate": -26934.790804815228}