{"yaoi_yesterday": 5781104, "yaoi_today": 5784340, "yaoi_rate": 4.45166803078884e-07, "yuri_yesterday": 1149771, "yuri_today": 1150382, "yuri_rate": 3.684450507462513e-14}