{"yaoi_yesterday": 6150923, "yaoi_today": 6154727, "yaoi_rate": 1594930.8079412526, "yuri_yesterday": 1250579, "yuri_today": 1251346, "yuri_rate": 535892423.1511853}