{"yaoi_yesterday": 6500334, "yaoi_today": 6503948, "yaoi_rate": 1.4577134707392208e+27, "yuri_yesterday": 1351866, "yuri_today": 1352720, "yuri_rate": 1.831506967842645e+36}