{"yaoi_yesterday": 6022571, "yaoi_today": 6024589, "yaoi_rate": 21.756548477304563, "yuri_yesterday": 1203025, "yuri_today": 1203605, "yuri_rate": 1514.2785060047863}