{"yaoi_yesterday": 7347342, "yaoi_today": 7350818, "yaoi_rate": -3.2286619542092373e+66, "yuri_yesterday": 1541958, "yuri_today": 1542807, "yuri_rate": 1.84829397378556e+70}