{"yaoi_yesterday": 6982350, "yaoi_today": 6984453, "yaoi_rate": 1.6060392606127177e+47, "yuri_yesterday": 1450604, "yuri_today": 1451253, "yuri_rate": 4.150958081684885e+53}