{"yaoi_yesterday": 7202790, "yaoi_today": 7206238, "yaoi_rate": 2.0909975979929583e+55, "yuri_yesterday": 1498347, "yuri_today": 1499131, "yuri_rate": 6.165782682737078e+61}