{"yaoi_yesterday": 5816005, "yaoi_today": 5819140, "yaoi_rate": 3.6252537358680754e-07, "yuri_yesterday": 1156428, "yuri_today": 1157010, "yuri_rate": 1.1224243554929055e-15}