{"yaoi_yesterday": 6725713, "yaoi_today": 6728286, "yaoi_rate": 4.0747159614390436e+35, "yuri_yesterday": 1399900, "yuri_today": 1400457, "yuri_rate": 1.6529079506312125e+44}