{"yaoi_yesterday": 6550633, "yaoi_today": 6553996, "yaoi_rate": 6.779647562242524e+29, "yuri_yesterday": 1362843, "yuri_today": 1363507, "yuri_rate": 8.235555171114845e+38}