{"yaoi_yesterday": 5687798, "yaoi_today": 5687893, "yaoi_rate": 4.891661392832437e-07, "yuri_yesterday": 1132363, "yuri_today": 1132556, "yuri_rate": 1.60369463252075e-09}