{"yaoi_yesterday": 6934121, "yaoi_today": 6937121, "yaoi_rate": 5.319355785311887e+44, "yuri_yesterday": 1441313, "yuri_today": 1441846, "yuri_rate": 1.619439580793509e+51}