{"yaoi_yesterday": 6034810, "yaoi_today": 6036449, "yaoi_rate": 4335.213325376081, "yuri_yesterday": 1223954, "yuri_today": 1224271, "yuri_rate": -28160.269018398536}