{"yaoi_yesterday": 6838266, "yaoi_today": 6841664, "yaoi_rate": 7.3875117762958815e+40, "yuri_yesterday": 1421309, "yuri_today": 1422028, "yuri_rate": 7.194884516397869e+47}