{"yaoi_yesterday": 7222362, "yaoi_today": 7225352, "yaoi_rate": 1.7639914516719356e+56, "yuri_yesterday": 1502538, "yuri_today": 1503027, "yuri_rate": 3.9846589081716856e+62}