{"yaoi_yesterday": 6362547, "yaoi_today": 6365216, "yaoi_rate": 4.581218681412585e+22, "yuri_yesterday": 1322462, "yuri_today": 1323014, "yuri_rate": 5.675875106701589e+31}