{"yaoi_yesterday": 5692089, "yaoi_today": 5694895, "yaoi_rate": 3.8318631249585324e-07, "yuri_yesterday": 1133325, "yuri_today": 1133737, "yuri_rate": 4.5118148784217024e-10}