{"yaoi_yesterday": 6799005, "yaoi_today": 6804226, "yaoi_rate": 1.5318747345888973e+39, "yuri_yesterday": 1414093, "yuri_today": 1415000, "yuri_rate": 6.936334159018037e+46}