{"yaoi_yesterday": 7046789, "yaoi_today": 7049955, "yaoi_rate": 1.5913792763985892e+49, "yuri_yesterday": 1464982, "yuri_today": 1465590, "yuri_rate": 5.187096130156208e+55}