{"yaoi_yesterday": 6131840, "yaoi_today": 6134795, "yaoi_rate": 202140.18869186786, "yuri_yesterday": 1246473, "yuri_today": 1247086, "yuri_rate": 68660306.42951383}