{"yaoi_yesterday": 7122686, "yaoi_today": 7125033, "yaoi_rate": 7.176117075652062e+51, "yuri_yesterday": 1481778, "yuri_today": 1482290, "yuri_rate": 4.0622333391361557e+58}