{"yaoi_yesterday": 6708049, "yaoi_today": 6710756, "yaoi_rate": 1.243682317230101e+35, "yuri_yesterday": 1396602, "yuri_today": 1397137, "yuri_rate": 1.1582215242850368e+44}