{"yaoi_yesterday": 7227417, "yaoi_today": 7230605, "yaoi_rate": -4.254452772562769e+61, "yuri_yesterday": 1516727, "yuri_today": 1517405, "yuri_rate": 1.0225980939433617e+66}