{"yaoi_yesterday": 6659008, "yaoi_today": 6662053, "yaoi_rate": 3.4739148219320456e+33, "yuri_yesterday": 1386480, "yuri_today": 1387089, "yuri_rate": 7.481066908948384e+42}