{"yaoi_yesterday": 6120405, "yaoi_today": 6125256, "yaoi_rate": 85376.87486607589, "yuri_yesterday": 1243784, "yuri_today": 1245008, "yuri_rate": 27828680.61653671}