{"yaoi_yesterday": 5848483, "yaoi_today": 5851572, "yaoi_rate": 2.176146459088537e-07, "yuri_yesterday": 1163721, "yuri_today": 1164384, "yuri_rate": 3.573974054230434e-16}