{"yaoi_yesterday": 6265498, "yaoi_today": 6268335, "yaoi_rate": 1.424004636091301e+20, "yuri_yesterday": 1300312, "yuri_today": 1300871, "yuri_rate": 1.479718148608373e+28}