{"yaoi_yesterday": 7088452, "yaoi_today": 7091825, "yaoi_rate": 5.748919174121776e+50, "yuri_yesterday": 1473989, "yuri_today": 1474673, "yuri_rate": 1.6296975835856782e+57}