{"yaoi_yesterday": 7011740, "yaoi_today": 7015826, "yaoi_rate": 2.03942238209073e+48, "yuri_yesterday": 1457862, "yuri_today": 1458650, "yuri_rate": 1.2083357514976843e+55}