{"yaoi_yesterday": 6669982, "yaoi_today": 6675358, "yaoi_rate": 1.0659676845804223e+34, "yuri_yesterday": 1388440, "yuri_today": 1389706, "yuri_rate": 1.2749300132636986e+43}