{"yaoi_yesterday": 5674672, "yaoi_today": 5676479, "yaoi_rate": 0.0020366823901599817, "yuri_yesterday": 1119062, "yuri_today": 1119414, "yuri_rate": 0.0005761900715983997}