{"yaoi_yesterday": 5689792, "yaoi_today": 5692089, "yaoi_rate": 3.413990667283083e-07, "yuri_yesterday": 1132922, "yuri_today": 1133325, "yuri_rate": 6.570604191876266e-10}