{"yaoi_yesterday": 6091955, "yaoi_today": 6094735, "yaoi_rate": 23.842263063453807, "yuri_yesterday": 1220460, "yuri_today": 1221060, "yuri_rate": 139707.92539151854}