{"yaoi_yesterday": 6252579, "yaoi_today": 6255023, "yaoi_rate": 151021249.86393437, "yuri_yesterday": 1273895, "yuri_today": 1274295, "yuri_rate": 459003501591.98425}