{"yaoi_yesterday": 5956061, "yaoi_today": 5958300, "yaoi_rate": 59.29403960523157, "yuri_yesterday": 1187311, "yuri_today": 1187867, "yuri_rate": 241.2540043530742}