{"yaoi_yesterday": 6749509, "yaoi_today": 6752352, "yaoi_rate": 2.5363566965590503e+36, "yuri_yesterday": 1404723, "yuri_today": 1405258, "yuri_rate": 5.917100564774406e+44}