{"yaoi_yesterday": 6275090, "yaoi_today": 6277756, "yaoi_rate": 3.211382386049411e+20, "yuri_yesterday": 1302200, "yuri_today": 1302780, "yuri_rate": 2.850824799936362e+28}