{"yaoi_yesterday": 6049024, "yaoi_today": 6050872, "yaoi_rate": 1487.9914643112954, "yuri_yesterday": 1227633, "yuri_today": 1228405, "yuri_rate": -73686.2083381721}