{"yaoi_yesterday": 5638524, "yaoi_today": 5640024, "yaoi_rate": 0.03159321949548184, "yuri_yesterday": 1110489, "yuri_today": 1111139, "yuri_rate": 0.038459652495502095}