{"yaoi_yesterday": 5676479, "yaoi_today": 5678363, "yaoi_rate": 0.0015348438492245623, "yuri_yesterday": 1119414, "yuri_today": 1119762, "yuri_rate": 0.00033419024152707183}