{"yaoi_yesterday": 6424328, "yaoi_today": 6426994, "yaoi_rate": 1.9316610453076368e+25, "yuri_yesterday": 1334940, "yuri_today": 1335631, "yuri_rate": 8.74274244772629e+33}