{"yaoi_yesterday": 5829807, "yaoi_today": 5832445, "yaoi_rate": 3.702716152929108e-07, "yuri_yesterday": 1159397, "yuri_today": 1159994, "yuri_rate": 8.294176972493327e-16}