{"yaoi_yesterday": 7324907, "yaoi_today": 7330693, "yaoi_rate": -4.164859231685979e+65, "yuri_yesterday": 1537439, "yuri_today": 1538707, "yuri_rate": 3.3255105751052123e+69}