{"yaoi_yesterday": 5851572, "yaoi_today": 5853864, "yaoi_rate": 1.9950910736923705e-07, "yuri_yesterday": 1164384, "yuri_today": 1164757, "yuri_rate": 2.2218205370465866e-16}