{"yaoi_yesterday": 7202566, "yaoi_today": 7205554, "yaoi_rate": -1.686353689203883e+60, "yuri_yesterday": 1511190, "yuri_today": 1511844, "yuri_rate": 3.180539123109834e+64}