{"yaoi_yesterday": 5720194, "yaoi_today": 5722756, "yaoi_rate": 3.52528228128863e-07, "yuri_yesterday": 1136596, "yuri_today": 1137954, "yuri_rate": 1.926837866610461e-12}