{"yaoi_yesterday": 6064690, "yaoi_today": 6067012, "yaoi_rate": 2090.3631653762327, "yuri_yesterday": 1231007, "yuri_today": 1231580, "yuri_rate": 282299.84098939097}