{"yaoi_yesterday": 6815675, "yaoi_today": 6818946, "yaoi_rate": 8.549628542608814e+39, "yuri_yesterday": 1417230, "yuri_today": 1417807, "yuri_rate": 2.4160259075477558e+47}