{"yaoi_yesterday": 6804226, "yaoi_today": 6808574, "yaoi_rate": 2.7985677924338343e+39, "yuri_yesterday": 1415000, "yuri_today": 1415710, "yuri_rate": 9.656465201770208e+46}