{"yaoi_yesterday": 5863676, "yaoi_today": 5866406, "yaoi_rate": 1.9623525549970058e-07, "yuri_yesterday": 1166425, "yuri_today": 1166929, "yuri_rate": 4.243699468980404e-17}