{"yaoi_yesterday": 6073260, "yaoi_today": 6075260, "yaoi_rate": 22.358711442830312, "yuri_yesterday": 1215568, "yuri_today": 1216092, "yuri_rate": 32266.7674652484}