{"yaoi_yesterday": 7305328, "yaoi_today": 7308064, "yaoi_rate": -2.0612481172330832e+64, "yuri_yesterday": 1533458, "yuri_today": 1534113, "yuri_rate": 2.3542480940836717e+68}