{"yaoi_yesterday": 6067012, "yaoi_today": 6069654, "yaoi_rate": 2320.478774337818, "yuri_yesterday": 1231580, "yuri_today": 1232138, "yuri_rate": 308869.2377883925}