{"yaoi_yesterday": 6225918, "yaoi_today": 6228662, "yaoi_rate": 6.863071892341603e+18, "yuri_yesterday": 1291682, "yuri_today": 1292426, "yuri_rate": 1.238166955562428e+27}