{"yaoi_yesterday": 7254025, "yaoi_today": 7258264, "yaoi_rate": -7.467942766497836e+62, "yuri_yesterday": 1522476, "yuri_today": 1523380, "yuri_rate": 1.9718512916410633e+67}