{"yaoi_yesterday": 6808574, "yaoi_today": 6812002, "yaoi_rate": 4.0308783161610015e+39, "yuri_yesterday": 1415710, "yuri_today": 1416421, "yuri_rate": 1.346224854599729e+47}