{"yaoi_yesterday": 5732030, "yaoi_today": 5733560, "yaoi_rate": 1.9519625169026995e-08, "yuri_yesterday": 1134628, "yuri_today": 1135055, "yuri_rate": 4.7952392132748396e-09}