{"yaoi_yesterday": 5766384, "yaoi_today": 5769067, "yaoi_rate": 4.4999008920527634e-07, "yuri_yesterday": 1146628, "yuri_today": 1147140, "yuri_rate": 7.383652084519712e-14}