{"yaoi_yesterday": 6052302, "yaoi_today": 6054404, "yaoi_rate": 30.548909403871168, "yuri_yesterday": 1210365, "yuri_today": 1210983, "yuri_rate": 12765.781381061894}