{"yaoi_yesterday": 6683576, "yaoi_today": 6686411, "yaoi_rate": 1.9232000209940007e+34, "yuri_yesterday": 1391573, "yuri_today": 1392229, "yuri_rate": 2.9355218133241954e+43}