{"yaoi_yesterday": 6040165, "yaoi_today": 6042862, "yaoi_rate": 2992.813872747296, "yuri_yesterday": 1225422, "yuri_today": 1226032, "yuri_rate": -42861.85660012995}