{"yaoi_yesterday": 7340994, "yaoi_today": 7344162, "yaoi_rate": -1.6545107849533191e+66, "yuri_yesterday": 1540642, "yuri_today": 1541330, "yuri_rate": 9.016626202831808e+69}