{"yaoi_yesterday": 6899916, "yaoi_today": 6903924, "yaoi_rate": 2.632069145988544e+43, "yuri_yesterday": 1433846, "yuri_today": 1434761, "yuri_rate": 8.895004004509127e+49}