{"yaoi_yesterday": 6262583, "yaoi_today": 6265498, "yaoi_rate": 1.194617918187274e+20, "yuri_yesterday": 1299638, "yuri_today": 1300312, "yuri_rate": 1.3500111910380505e+28}