{"yaoi_yesterday": 6365216, "yaoi_today": 6368360, "yaoi_rate": 6.051828375782002e+22, "yuri_yesterday": 1323014, "yuri_today": 1323546, "yuri_rate": 5.920716777971069e+31}