{"yaoi_yesterday": 6070990, "yaoi_today": 6073260, "yaoi_rate": 26.606866616968073, "yuri_yesterday": 1215063, "yuri_today": 1215568, "yuri_rate": 31404.678258161613}