{"yaoi_yesterday": 6038270, "yaoi_today": 6040165, "yaoi_rate": 2641.0445002367687, "yuri_yesterday": 1224861, "yuri_today": 1225422, "yuri_rate": -35835.32273125619}