{"yaoi_yesterday": 6430528, "yaoi_today": 6433582, "yaoi_rate": 3.680548843583415e+25, "yuri_yesterday": 1336253, "yuri_today": 1336934, "yuri_rate": 1.4237863635112637e+34}