{"yaoi_yesterday": 6068899, "yaoi_today": 6070990, "yaoi_rate": 27.89618614466256, "yuri_yesterday": 1214508, "yuri_today": 1215063, "yuri_rate": 31715.61566665826}