{"yaoi_yesterday": 5709049, "yaoi_today": 5712227, "yaoi_rate": 2.907695601723486e-07, "yuri_yesterday": 1134678, "yuri_today": 1135179, "yuri_rate": 2.4703655460066244e-12}