{"yaoi_yesterday": 5753877, "yaoi_today": 5756664, "yaoi_rate": 8.485581077121888e-09, "yuri_yesterday": 1139245, "yuri_today": 1139748, "yuri_rate": 3.1463390318554154e-10}