{"yaoi_yesterday": 7224284, "yaoi_today": 7227417, "yaoi_rate": -3.1761598490274125e+61, "yuri_yesterday": 1515907, "yuri_today": 1516727, "yuri_rate": 7.692109556211128e+65}