{"yaoi_yesterday": 6620460, "yaoi_today": 6623253, "yaoi_rate": 4.7704225857132906e+32, "yuri_yesterday": 1378365, "yuri_today": 1379008, "yuri_rate": 1.549101151372538e+42}