{"yaoi_yesterday": 5655433, "yaoi_today": 5657684, "yaoi_rate": 0.011310359280616581, "yuri_yesterday": 1114468, "yuri_today": 1114929, "yuri_rate": 0.004020097538795843}