{"yaoi_yesterday": 7155720, "yaoi_today": 7159151, "yaoi_rate": 1.6381685299796169e+53, "yuri_yesterday": 1488210, "yuri_today": 1488990, "yuri_rate": 4.777756156375274e+59}