{"yaoi_yesterday": 7282917, "yaoi_today": 7284869, "yaoi_rate": -4.417953457610099e+63, "yuri_yesterday": 1528520, "yuri_today": 1528949, "yuri_rate": 3.727546552874955e+67}