{"yaoi_yesterday": 7133028, "yaoi_today": 7136199, "yaoi_rate": 2.372831009574858e+52, "yuri_yesterday": 1483498, "yuri_today": 1484116, "yuri_rate": 6.884873377381328e+58}