{"yaoi_yesterday": 5679261, "yaoi_today": 5681105, "yaoi_rate": 2.645830839118038e-06, "yuri_yesterday": 1122124, "yuri_today": 1122631, "yuri_rate": 7.633490558862376e-07}