{"yaoi_yesterday": 6452114, "yaoi_today": 6454612, "yaoi_rate": 7.061633327837726e+25, "yuri_yesterday": 1341089, "yuri_today": 1341457, "yuri_rate": 2.7897415898046874e+34}