{"yaoi_yesterday": 6012224, "yaoi_today": 6014992, "yaoi_rate": 66.49239873377623, "yuri_yesterday": 1200225, "yuri_today": 1200925, "yuri_rate": 1277.1101681311834}