{"yaoi_yesterday": 7225352, "yaoi_today": 7229849, "yaoi_rate": 3.3330544362053336e+56, "yuri_yesterday": 1503027, "yuri_today": 1503750, "yuri_rate": 5.6488399815845665e+62}