{"yaoi_yesterday": 6962953, "yaoi_today": 6982350, "yaoi_rate": 1.8175812840029805e+47, "yuri_yesterday": 1446696, "yuri_today": 1450604, "yuri_rate": 3.261923916270095e+53}