{"yaoi_yesterday": 6648067, "yaoi_today": 6650736, "yaoi_rate": 1.7790789135408743e+33, "yuri_yesterday": 1384267, "yuri_today": 1384835, "yuri_rate": 5.179818677697951e+42}