{"yaoi_yesterday": 5784340, "yaoi_today": 5787055, "yaoi_rate": 4.83451148143668e-07, "yuri_yesterday": 1150382, "yuri_today": 1150857, "yuri_rate": 2.916856651741156e-14}