{"yaoi_yesterday": 6442719, "yaoi_today": 6445373, "yaoi_rate": 8.471251225726973e+25, "yuri_yesterday": 1338872, "yuri_today": 1339462, "yuri_rate": 3.269668227266795e+34}