{"yaoi_yesterday": 6912344, "yaoi_today": 6915060, "yaoi_rate": 4.917858031245573e+43, "yuri_yesterday": 1436564, "yuri_today": 1437281, "yuri_rate": 2.0442393917368764e+50}