{"yaoi_yesterday": 6402513, "yaoi_today": 6405344, "yaoi_rate": 1.2489410274468987e+24, "yuri_yesterday": 1330569, "yuri_today": 1331291, "yuri_rate": 9.432395650453162e+32}