{"yaoi_yesterday": 6163816, "yaoi_today": 6166605, "yaoi_rate": 3680412.1494244225, "yuri_yesterday": 1253505, "yuri_today": 1254240, "yuri_rate": 2152419587.2746034}