{"yaoi_yesterday": 5661704, "yaoi_today": 5664041, "yaoi_rate": 0.006832881454218037, "yuri_yesterday": 1115892, "yuri_today": 1116426, "yuri_rate": 0.002298692889377224}