{"yaoi_yesterday": 7185557, "yaoi_today": 7180027, "yaoi_rate": -3.2040711882756673e+59, "yuri_yesterday": 1504887, "yuri_today": 1505796, "yuri_rate": 2.376967207060584e+63}