{"yaoi_yesterday": 6450457, "yaoi_today": 6452114, "yaoi_rate": 6.728057374000716e+25, "yuri_yesterday": 1340594, "yuri_today": 1341089, "yuri_rate": 3.866217964131496e+34}