{"yaoi_yesterday": 6381358, "yaoi_today": 6384607, "yaoi_rate": 2.7545692480946614e+23, "yuri_yesterday": 1326191, "yuri_today": 1326809, "yuri_rate": 1.993471853406962e+32}