{"yaoi_yesterday": 5993819, "yaoi_today": 5995971, "yaoi_rate": 77.13527323866829, "yuri_yesterday": 1195698, "yuri_today": 1196282, "yuri_rate": 483.9837296745265}