{"yaoi_yesterday": 7344162, "yaoi_today": 7347342, "yaoi_rate": -2.2106488639292247e+66, "yuri_yesterday": 1541330, "yuri_today": 1541958, "yuri_rate": 1.1102825990937993e+70}