{"yaoi_yesterday": 6027265, "yaoi_today": 6029955, "yaoi_rate": 27.64868455987717, "yuri_yesterday": 1204073, "yuri_today": 1204657, "yuri_rate": 1591.1975664482127}