{"yaoi_yesterday": 6656153, "yaoi_today": 6659008, "yaoi_rate": 2.715243768866427e+33, "yuri_yesterday": 1385928, "yuri_today": 1386480, "yuri_rate": 6.264932879414903e+42}