{"yaoi_yesterday": 6841664, "yaoi_today": 6844300, "yaoi_rate": 8.182134891729388e+40, "yuri_yesterday": 1422028, "yuri_today": 1422645, "yuri_rate": 8.70439950317154e+47}