{"yaoi_yesterday": 6887313, "yaoi_today": 6892852, "yaoi_rate": 7.097480089949316e+42, "yuri_yesterday": 1431145, "yuri_today": 1432264, "yuri_rate": 2.1789249678086884e+49}