{"yaoi_yesterday": 5963902, "yaoi_today": 5966633, "yaoi_rate": 93.64645837759963, "yuri_yesterday": 1189253, "yuri_today": 1189881, "yuri_rate": 533.4120780167945}