{"yaoi_yesterday": 6634976, "yaoi_today": 6637733, "yaoi_rate": 1.2624752425994078e+33, "yuri_yesterday": 1381430, "yuri_today": 1381813, "yuri_rate": 2.2942699182315782e+42}