{"yaoi_yesterday": 6509087, "yaoi_today": 6513062, "yaoi_rate": 5.256951904237378e+27, "yuri_yesterday": 1353927, "yuri_today": 1354761, "yuri_rate": 7.088291084564339e+36}