{"yaoi_yesterday": 5633547, "yaoi_today": 5636614, "yaoi_rate": 0.362846573270608, "yuri_yesterday": 1109346, "yuri_today": 1109889, "yuri_rate": 0.16270242731137838}