{"yaoi_yesterday": 5694895, "yaoi_today": 5697563, "yaoi_rate": 4.0893643269557454e-07, "yuri_yesterday": 1133737, "yuri_today": 1133690, "yuri_rate": -3.5342549880970005e-11}