{"yaoi_yesterday": 7233444, "yaoi_today": 7236436, "yaoi_rate": 6.329202289543333e+56, "yuri_yesterday": 1504330, "yuri_today": 1505035, "yuri_rate": 8.880471620414953e+62}