{"yaoi_yesterday": 6036622, "yaoi_today": 6039566, "yaoi_rate": 27.680867912170523, "yuri_yesterday": 1206329, "yuri_today": 1207077, "yuri_rate": 3033.002468180223}