{"yaoi_yesterday": 6433582, "yaoi_today": 6436256, "yaoi_rate": 4.135204877202542e+25, "yuri_yesterday": 1336934, "yuri_today": 1337471, "yuri_rate": 1.4991632886383307e+34}