{"yaoi_yesterday": 5716234, "yaoi_today": 5718181, "yaoi_rate": 1.805898289128002e-07, "yuri_yesterday": 1130983, "yuri_today": 1131439, "yuri_rate": 4.8929882868314476e-08}