{"yaoi_yesterday": 7337332, "yaoi_today": 7340994, "yaoi_rate": -1.2429721174838699e+66, "yuri_yesterday": 1539955, "yuri_today": 1540642, "yuri_rate": 6.6838362840759045e+69}