{"yaoi_yesterday": 6473700, "yaoi_today": 6476643, "yaoi_rate": 2.103872708155673e+26, "yuri_yesterday": 1345746, "yuri_today": 1346405, "yuri_rate": 1.1895993212504264e+35}