{"yaoi_yesterday": 7079703, "yaoi_today": 7085657, "yaoi_rate": 3.454156125635745e+50, "yuri_yesterday": 1472069, "yuri_today": 1473340, "yuri_rate": 9.548751148655037e+56}