{"yaoi_yesterday": 6903924, "yaoi_today": 6906658, "yaoi_rate": 3.023561783669193e+43, "yuri_yesterday": 1434761, "yuri_today": 1435384, "yuri_rate": 1.086585783295919e+50}