{"yaoi_yesterday": 6646302, "yaoi_today": 6648067, "yaoi_rate": 1.5864397955141556e+33, "yuri_yesterday": 1383733, "yuri_today": 1384267, "yuri_rate": 4.650893531031611e+42}