{"yaoi_yesterday": 6765905, "yaoi_today": 6769968, "yaoi_rate": 1.7529716150126818e+37, "yuri_yesterday": 1407923, "yuri_today": 1408737, "yuri_rate": 2.7155480444495428e+45}