{"yaoi_yesterday": 6532692, "yaoi_today": 6536408, "yaoi_rate": 9.888934051961066e+28, "yuri_yesterday": 1359185, "yuri_today": 1359950, "yuri_rate": 1.610566160968661e+38}