{"yaoi_yesterday": 5684717, "yaoi_today": 5686828, "yaoi_rate": 0.0007766751696263677, "yuri_yesterday": 1121201, "yuri_today": 1121677, "yuri_rate": 0.00013462850760809168}