{"yaoi_yesterday": 6082614, "yaoi_today": 6084654, "yaoi_rate": 19.733556414629962, "yuri_yesterday": 1217853, "yuri_today": 1218345, "yuri_rate": 46345.13783526463}