{"yaoi_yesterday": 6752352, "yaoi_today": 6755326, "yaoi_rate": 3.1693801746078214e+36, "yuri_yesterday": 1405258, "yuri_today": 1405838, "yuri_rate": 6.729251622684618e+44}