{"yaoi_yesterday": 5659663, "yaoi_today": 5661704, "yaoi_rate": 0.0073094581238960605, "yuri_yesterday": 1115434, "yuri_today": 1115892, "yuri_rate": 0.0025828009993002516}