{"yaoi_yesterday": 6271773, "yaoi_today": 6275090, "yaoi_rate": 2.8668754984237056e+20, "yuri_yesterday": 1301566, "yuri_today": 1302200, "yuri_rate": 2.506759737875077e+28}