{"yaoi_yesterday": 7180027, "yaoi_today": 7181641, "yaoi_rate": -2.172844915074339e+59, "yuri_yesterday": 1505796, "yuri_today": 1506326, "yuri_rate": 2.4701816073374698e+63}