{"yaoi_yesterday": 6396404, "yaoi_today": 6399603, "yaoi_rate": 8.587425612930737e+23, "yuri_yesterday": 1329356, "yuri_today": 1330060, "yuri_rate": 6.675862477300195e+32}