{"yaoi_yesterday": 5707106, "yaoi_today": 5709380, "yaoi_rate": 3.0928041382618253e-07, "yuri_yesterday": 1129016, "yuri_today": 1129447, "yuri_rate": 1.0420584027530187e-07}