{"yaoi_yesterday": 6095486, "yaoi_today": 6100117, "yaoi_rate": -68.60588014748552, "yuri_yesterday": 1221694, "yuri_today": 1222655, "yuri_rate": -20864.94489713801}