{"yaoi_yesterday": 5642031, "yaoi_today": 5644260, "yaoi_rate": 0.02261368344234337, "yuri_yesterday": 1111574, "yuri_today": 1112191, "yuri_rate": 0.028673273420917456}