{"yaoi_yesterday": 6313215, "yaoi_today": 6246682, "yaoi_rate": -106490039444.71463, "yuri_yesterday": 1289879, "yuri_today": 1278854, "yuri_rate": 5.644921630204869e+16}