{"yaoi_yesterday": 6884023, "yaoi_today": 6887313, "yaoi_rate": 3.049648422834333e+42, "yuri_yesterday": 1430535, "yuri_today": 1431145, "yuri_rate": 9.930757225937721e+48}