{"yaoi_yesterday": 6075260, "yaoi_today": 6078101, "yaoi_rate": 26.689537482807108, "yuri_yesterday": 1216092, "yuri_today": 1216735, "yuri_rate": 40681.434274813175}