{"yaoi_yesterday": 5669140, "yaoi_today": 5671123, "yaoi_rate": 0.005596693167834695, "yuri_yesterday": 1117758, "yuri_today": 1118172, "yuri_rate": 0.001788413717174005}