{"yaoi_yesterday": 7218495, "yaoi_today": 7222362, "yaoi_rate": 1.4041135969830122e+56, "yuri_yesterday": 1501755, "yuri_today": 1502538, "yuri_rate": 4.1557792293815125e+62}