{"yaoi_yesterday": 6513062, "yaoi_today": 6517031, "yaoi_rate": 8.766740381478216e+27, "yuri_yesterday": 1354761, "yuri_today": 1355684, "yuri_rate": 1.282841700206448e+37}