{"yaoi_yesterday": 5644260, "yaoi_today": 5646118, "yaoi_rate": 0.01680648953434959, "yuri_yesterday": 1112191, "yuri_today": 1112689, "yuri_rate": 0.02379881693936149}