{"yaoi_yesterday": 6277756, "yaoi_today": 6280445, "yaoi_rate": 3.628322368103726e+20, "yuri_yesterday": 1302780, "yuri_today": 1303383, "yuri_rate": 3.3706810869835806e+28}