{"yaoi_yesterday": 6290072, "yaoi_today": 6293045, "yaoi_rate": 1.1038016191428042e+21, "yuri_yesterday": 1305269, "yuri_today": 1306095, "yuri_rate": 1.0128505895730075e+29}