{"yaoi_yesterday": 5887931, "yaoi_today": 5891817, "yaoi_rate": 1.938537627516958, "yuri_yesterday": 1172113, "yuri_today": 1173056, "yuri_rate": 2.8252279999999996}