{"yaoi_yesterday": 7073558, "yaoi_today": 7076954, "yaoi_rate": 1.1953974015439528e+50, "yuri_yesterday": 1470754, "yuri_today": 1471480, "yuri_rate": 3.317615734793233e+56}