{"yaoi_yesterday": 5791528, "yaoi_today": 5793807, "yaoi_rate": 3.5117337881305815e-07, "yuri_yesterday": 1151850, "yuri_today": 1152318, "yuri_rate": 1.5499573430311142e-14}