{"yaoi_yesterday": 6254702, "yaoi_today": 6256972, "yaoi_rate": 7.0196271838364746e+19, "yuri_yesterday": 1298232, "yuri_today": 1298518, "yuri_rate": 8.476399420371582e+27}