{"yaoi_yesterday": 5722756, "yaoi_today": 5725528, "yaoi_rate": 3.908832993492833e-07, "yuri_yesterday": 1137954, "yuri_today": 1138431, "yuri_rate": 1.5318361039553166e-12}