{"yaoi_yesterday": 5637498, "yaoi_today": 5638524, "yaoi_rate": 0.05265536582580307, "yuri_yesterday": 1110082, "yuri_today": 1110489, "yuri_rate": 0.035501217688155784}