{"yaoi_yesterday": 5958300, "yaoi_today": 5960879, "yaoi_rate": 64.25181854701353, "yuri_yesterday": 1187867, "yuri_today": 1188445, "yuri_rate": 273.4212049334841}