{"yaoi_yesterday": 5737893, "yaoi_today": 5740171, "yaoi_rate": 1.3342045400771016e-08, "yuri_yesterday": 1135992, "yuri_today": 1136537, "yuri_rate": 2.654566505831735e-09}