{"yaoi_yesterday": 7009134, "yaoi_today": 7011740, "yaoi_rate": 1.1879161207479044e+48, "yuri_yesterday": 1457338, "yuri_today": 1457862, "yuri_rate": 7.820447122637297e+54}