{"yaoi_yesterday": 6041286, "yaoi_today": 6044053, "yaoi_rate": 23.257519561174785, "yuri_yesterday": 1207684, "yuri_today": 1208358, "yuri_rate": 4770.687826901024}