{"yaoi_yesterday": 6927733, "yaoi_today": 6930989, "yaoi_rate": 3.2067857503534115e+44, "yuri_yesterday": 1440023, "yuri_today": 1440668, "yuri_rate": 1.2252315690457459e+51}