{"yaoi_yesterday": 7188509, "yaoi_today": 7191333, "yaoi_rate": 7.177538456228324e+54, "yuri_yesterday": 1495335, "yuri_today": 1495836, "yuri_rate": 1.9302954400075656e+61}