{"yaoi_yesterday": 5953541, "yaoi_today": 5956061, "yaoi_rate": 63.02805460493575, "yuri_yesterday": 1186742, "yuri_today": 1187311, "yuri_rate": 221.29414068357528}