{"yaoi_yesterday": 6605388, "yaoi_today": 6609069, "yaoi_rate": 1.0417130681158654e+32, "yuri_yesterday": 1374912, "yuri_today": 1375672, "yuri_rate": 2.363642188727918e+41}