{"yaoi_yesterday": 6984453, "yaoi_today": 6987334, "yaoi_rate": 1.9441172730358147e+47, "yuri_yesterday": 1451253, "yuri_today": 1451834, "yuri_rate": 4.728836559723369e+53}