{"yaoi_yesterday": 5798694, "yaoi_today": 5801517, "yaoi_rate": 3.7744331252934585e-07, "yuri_yesterday": 1153151, "yuri_today": 1153632, "yuri_rate": 5.966720954257054e-15}