{"yaoi_yesterday": 5731908, "yaoi_today": 5720348, "yaoi_rate": 7.856997298213181e-07, "yuri_yesterday": 1138843, "yuri_today": 1137710, "yuri_rate": 4.096544439114064e-09}