{"yaoi_yesterday": 6426994, "yaoi_today": 6430528, "yaoi_rate": 2.8682731655954573e+25, "yuri_yesterday": 1335631, "yuri_today": 1336253, "yuri_rate": 1.0662717259775985e+34}