{"yaoi_yesterday": 5664041, "yaoi_today": 5666805, "yaoi_rate": 0.007554433735783461, "yuri_yesterday": 1116426, "yuri_today": 1117286, "yuri_rate": 0.0032947931414406876}