{"yaoi_yesterday": 5761636, "yaoi_today": 5763808, "yaoi_rate": 1.4661976223801192e-08, "yuri_yesterday": 1140917, "yuri_today": 1141409, "yuri_rate": 5.02669611525994e-10}