{"yaoi_yesterday": 6374931, "yaoi_today": 6377830, "yaoi_rate": 1.3612231330996839e+23, "yuri_yesterday": 1324804, "yuri_today": 1325491, "yuri_rate": 1.1985714957724245e+32}