{"yaoi_yesterday": 5623266, "yaoi_today": 5625257, "yaoi_rate": 0.649520217760702, "yuri_yesterday": 1106944, "yuri_today": 1107392, "yuri_rate": 0.4206877407012346}