{"yaoi_yesterday": 5692956, "yaoi_today": 5688610, "yaoi_rate": -3.963298380244067e-05, "yuri_yesterday": 1133173, "yuri_today": 1132403, "yuri_rate": -7.478368752687435e-08}