{"yaoi_yesterday": 7191333, "yaoi_today": 7193638, "yaoi_rate": 6.951355521683313e+54, "yuri_yesterday": 1495836, "yuri_today": 1496322, "yuri_rate": 1.8394580075366213e+61}