{"yaoi_yesterday": 6307138, "yaoi_today": 6310393, "yaoi_rate": 3.2195993624831024e+21, "yuri_yesterday": 1309500, "yuri_today": 1310211, "yuri_rate": 5.7692196462715914e+29}