{"yaoi_yesterday": 6194503, "yaoi_today": 6197114, "yaoi_rate": 18876936.30563483, "yuri_yesterday": 1261010, "yuri_today": 1261629, "yuri_rate": 39805166752.45112}