{"yaoi_yesterday": 7039012, "yaoi_today": 7042088, "yaoi_rate": 1.2363374543903513e+49, "yuri_yesterday": 1463247, "yuri_today": 1463868, "yuri_rate": 3.648137947286851e+55}