{"yaoi_yesterday": 6268335, "yaoi_today": 6271773, "yaoi_rate": 2.0570285457486945e+20, "yuri_yesterday": 1300871, "yuri_today": 1301566, "yuri_rate": 2.0164786534957242e+28}