{"yaoi_yesterday": 6733598, "yaoi_today": 6737205, "yaoi_rate": 7.689563797693236e+35, "yuri_yesterday": 1401581, "yuri_today": 1402214, "yuri_rate": 2.477974802095719e+44}