{"yaoi_yesterday": 6487065, "yaoi_today": 6491341, "yaoi_rate": 4.8820826160114935e+26, "yuri_yesterday": 1348892, "yuri_today": 1349762, "yuri_rate": 4.208318157762782e+35}