{"yaoi_yesterday": 6643897, "yaoi_today": 6646302, "yaoi_rate": 2.1392219338944418e+33, "yuri_yesterday": 1383086, "yuri_today": 1383733, "yuri_rate": 4.441864608288617e+42}