{"yaoi_yesterday": 7242502, "yaoi_today": 7206911, "yaoi_rate": -1.5369215535776475e+58, "yuri_yesterday": 1506096, "yuri_today": 1505458, "yuri_rate": -1.1911420347150365e+63}