{"yaoi_yesterday": 6349743, "yaoi_today": 6352980, "yaoi_rate": 1.6998599431690922e+22, "yuri_yesterday": 1319813, "yuri_today": 1320516, "yuri_rate": 2.5551519598204847e+31}