{"yaoi_yesterday": 5757429, "yaoi_today": 5760500, "yaoi_rate": 3.0378721177992823e-07, "yuri_yesterday": 1145072, "yuri_today": 1145548, "yuri_rate": 1.0697040601499839e-13}