{"yaoi_yesterday": 5810323, "yaoi_today": 5813000, "yaoi_rate": 2.405118088584467e-07, "yuri_yesterday": 1155329, "yuri_today": 1155892, "yuri_rate": 1.2953043031538379e-15}