{"yaoi_yesterday": 5631319, "yaoi_today": 5633547, "yaoi_rate": 0.2957666883523052, "yuri_yesterday": 1108786, "yuri_today": 1109346, "yuri_rate": 0.17978168763688218}