{"yaoi_yesterday": 6346181, "yaoi_today": 6349743, "yaoi_rate": 1.249819791394019e+22, "yuri_yesterday": 1319116, "yuri_today": 1319813, "yuri_rate": 1.8536664288882608e+31}