{"yaoi_yesterday": 5686828, "yaoi_today": 5686871, "yaoi_rate": 1.3358812917573525e-05, "yuri_yesterday": 1121677, "yuri_today": 1121757, "yuri_rate": 1.795046768107889e-05}