{"yaoi_yesterday": 6316449, "yaoi_today": 6318946, "yaoi_rate": 5.440855157447486e+21, "yuri_yesterday": 1311627, "yuri_today": 1312619, "yuri_rate": 2.1261256003717867e+30}