{"yaoi_yesterday": 6987334, "yaoi_today": 6996040, "yaoi_rate": 7.111548310525127e+47, "yuri_yesterday": 1451834, "yuri_today": 1453977, "yuri_rate": 1.9870385779386627e+54}