{"yaoi_yesterday": 6784389, "yaoi_today": 6787943, "yaoi_rate": 1.8950632196241413e+38, "yuri_yesterday": 1411405, "yuri_today": 1412149, "yuri_rate": 1.9258508872387895e+46}