{"yaoi_yesterday": 7194235, "yaoi_today": 7197003, "yaoi_rate": -9.835346616975423e+59, "yuri_yesterday": 1509171, "yuri_today": 1509768, "yuri_rate": 1.3034834995274067e+64}