{"yaoi_yesterday": 5819140, "yaoi_today": 5823743, "yaoi_rate": 6.6748171784803e-07, "yuri_yesterday": 1157010, "yuri_today": 1157981, "yuri_rate": 1.8164567486393523e-15}