{"yaoi_yesterday": 6613763, "yaoi_today": 6617040, "yaoi_rate": 2.828874786644385e+32, "yuri_yesterday": 1376713, "yuri_today": 1377680, "yuri_rate": 9.147840516556678e+41}