{"yaoi_yesterday": 6125256, "yaoi_today": 6128359, "yaoi_rate": 111312.79105438382, "yuri_yesterday": 1245008, "yuri_today": 1245689, "yuri_rate": 37159473.5291402}