{"yaoi_yesterday": 6702814, "yaoi_today": 6705390, "yaoi_rate": 9.78716208117295e+34, "yuri_yesterday": 1395402, "yuri_today": 1395997, "yuri_rate": 9.307281021596911e+43}