{"yaoi_yesterday": 6781292, "yaoi_today": 6784389, "yaoi_rate": 1.2690631577674328e+38, "yuri_yesterday": 1410766, "yuri_today": 1411405, "yuri_rate": 1.3201397210911058e+46}