{"yaoi_yesterday": 6563609, "yaoi_today": 6566515, "yaoi_rate": 1.957422240158705e+30, "yuri_yesterday": 1365454, "yuri_today": 1366134, "yuri_rate": 2.232248374587501e+39}