{"yaoi_yesterday": 6857045, "yaoi_today": 6860053, "yaoi_rate": 1.2342011157504936e+41, "yuri_yesterday": 1425056, "yuri_today": 1425731, "yuri_rate": 7.228197131696483e+47}