{"yaoi_yesterday": 6105594, "yaoi_today": 6100874, "yaoi_rate": 147.00058544542634, "yuri_yesterday": 1223820, "yuri_today": 1224151, "yuri_rate": -17481.20736547812}