{"yaoi_yesterday": 5775885, "yaoi_today": 5778389, "yaoi_rate": 3.166827745008417e-07, "yuri_yesterday": 1148781, "yuri_today": 1149227, "yuri_rate": 3.990571696250436e-14}