{"yaoi_yesterday": 6050020, "yaoi_today": 6052302, "yaoi_rate": 34.589155271747565, "yuri_yesterday": 1209760, "yuri_today": 1210365, "yuri_rate": 10534.868130002535}