{"yaoi_yesterday": 6529259, "yaoi_today": 6532692, "yaoi_rate": 6.333601464926624e+28, "yuri_yesterday": 1358488, "yuri_today": 1359185, "yuri_rate": 1.0737107739791073e+38}