{"yaoi_yesterday": 6720234, "yaoi_today": 6722963, "yaoi_rate": 3.2619610771968092e+35, "yuri_yesterday": 1399012, "yuri_today": 1399405, "yuri_rate": 1.559296222400589e+44}