{"yaoi_yesterday": 6705390, "yaoi_today": 6708049, "yaoi_rate": 1.0934480661276839e+35, "yuri_yesterday": 1395997, "yuri_today": 1396602, "yuri_rate": 1.1040990231502219e+44}