{"yaoi_yesterday": 7206911, "yaoi_today": 7185557, "yaoi_rate": 1.3789673468528187e+59, "yuri_yesterday": 1505458, "yuri_today": 1504887, "yuri_rate": 1.3336119643574233e+63}