{"yaoi_yesterday": 6186369, "yaoi_today": 6191743, "yaoi_rate": 2.2455184840548822e+17, "yuri_yesterday": 1281805, "yuri_today": 1283282, "yuri_rate": 8.209027592914474e+24}