{"yaoi_yesterday": 7299018, "yaoi_today": 7301916, "yaoi_rate": -1.2507170507658597e+64, "yuri_yesterday": 1532172, "yuri_today": 1532790, "yuri_rate": 1.3995061691986172e+68}