{"yaoi_yesterday": 6059259, "yaoi_today": 6061863, "yaoi_rate": 34.330181730593466, "yuri_yesterday": 1212064, "yuri_today": 1212651, "yuri_rate": 16499.050521813926}