{"yaoi_yesterday": 5976538, "yaoi_today": 5979089, "yaoi_rate": 258.23661386483366, "yuri_yesterday": 1192127, "yuri_today": 1192348, "yuri_rate": 712.7108904631517}