{"yaoi_yesterday": 6154727, "yaoi_today": 6158440, "yaoi_rate": 2488226.0881873406, "yuri_yesterday": 1251346, "yuri_today": 1252026, "yuri_rate": 714523230.868247}