{"yaoi_yesterday": 6896420, "yaoi_today": 6899916, "yaoi_rate": 1.562955231400383e+43, "yuri_yesterday": 1432871, "yuri_today": 1433846, "yuri_rate": 4.957871084480497e+49}