{"yaoi_yesterday": 7107710, "yaoi_today": 7110518, "yaoi_rate": 2.8119756651339072e+51, "yuri_yesterday": 1478360, "yuri_today": 1478984, "yuri_rate": 1.1556329856916163e+58}