{"yaoi_yesterday": 7006052, "yaoi_today": 7009134, "yaoi_rate": 1.0848965339140492e+48, "yuri_yesterday": 1456794, "yuri_today": 1457338, "yuri_rate": 7.611503878902712e+54}