{"yaoi_yesterday": 7098717, "yaoi_today": 7102052, "yaoi_rate": 1.686866786916827e+51, "yuri_yesterday": 1476209, "yuri_today": 1476986, "yuri_rate": 5.205415477945212e+57}