{"yaoi_yesterday": 5618311, "yaoi_today": 5620760, "yaoi_rate": 0.8136176563499009, "yuri_yesterday": 1105939, "yuri_today": 1106495, "yuri_rate": 0.7529012222222222}