{"yaoi_yesterday": 6862756, "yaoi_today": 6867227, "yaoi_rate": 2.6331932682315505e+41, "yuri_yesterday": 1426287, "yuri_today": 1427253, "yuri_rate": 1.4925935281221277e+48}