{"yaoi_yesterday": 5670655, "yaoi_today": 5671774, "yaoi_rate": 5.2575716964844255e-05, "yuri_yesterday": 1120021, "yuri_today": 1120414, "yuri_rate": 1.911661083874634e-05}