{"yaoi_yesterday": 6085353, "yaoi_today": 6088288, "yaoi_rate": 4899.026343525983, "yuri_yesterday": 1236275, "yuri_today": 1236895, "yuri_rate": 1361612.7339484657}