{"yaoi_yesterday": 6134795, "yaoi_today": 6136187, "yaoi_rate": 118226.53052902524, "yuri_yesterday": 1247086, "yuri_today": 1247383, "yuri_rate": 39984531.39130511}