{"yaoi_yesterday": 6098029, "yaoi_today": 6095486, "yaoi_rate": -35.25847435780945, "yuri_yesterday": 1221725, "yuri_today": 1221694, "yuri_rate": -11072.96763531778}