{"yaoi_yesterday": 6924477, "yaoi_today": 6927733, "yaoi_rate": 2.344026439140393e+44, "yuri_yesterday": 1439366, "yuri_today": 1440023, "yuri_rate": 9.687877522687293e+50}