{"yaoi_yesterday": 5843739, "yaoi_today": 5845864, "yaoi_rate": 1.6811820002152452e-07, "yuri_yesterday": 1162683, "yuri_today": 1163141, "yuri_rate": 3.345895510279701e-16}