{"yaoi_yesterday": 6371067, "yaoi_today": 6374931, "yaoi_rate": 1.1175270978879779e+23, "yuri_yesterday": 1324106, "yuri_today": 1324804, "yuri_rate": 8.897692326694855e+31}