{"yaoi_yesterday": 5882260, "yaoi_today": 5885129, "yaoi_rate": 1.0392261700352336e-07, "yuri_yesterday": 1170771, "yuri_today": 1171364, "yuri_rate": 1.8904568315312767e-17}