{"yaoi_yesterday": 6053475, "yaoi_today": 6055030, "yaoi_rate": 1063.2884277931607, "yuri_yesterday": 1229028, "yuri_today": 1228525, "yuri_rate": 88777.29112158653}