{"yaoi_yesterday": 5700143, "yaoi_today": 5701688, "yaoi_rate": 2.6080984229885273e-07, "yuri_yesterday": 1134120, "yuri_today": 1133650, "yuri_rate": 1.9840914808177883e-11}