{"yaoi_yesterday": 6078101, "yaoi_today": 6080811, "yaoi_rate": 30.390187637986244, "yuri_yesterday": 1216735, "yuri_today": 1217367, "yuri_rate": 50413.071493493975}