{"yaoi_yesterday": 6204488, "yaoi_today": 6208171, "yaoi_rate": 9.689326122253576e+17, "yuri_yesterday": 1286675, "yuri_today": 1287301, "yuri_rate": 6.623240753903619e+25}