{"yaoi_yesterday": 5680776, "yaoi_today": 5682698, "yaoi_rate": 0.0011389243705791658, "yuri_yesterday": 1120260, "yuri_today": 1120764, "yuri_rate": 0.00023299743639267447}