{"yaoi_yesterday": 5766198, "yaoi_today": 5768281, "yaoi_rate": 1.1678838811725622e-08, "yuri_yesterday": 1141931, "yuri_today": 1142429, "yuri_rate": 3.6297772648292026e-10}