{"yaoi_yesterday": 7164556, "yaoi_today": 7169693, "yaoi_rate": 4.549158796285867e+53, "yuri_yesterday": 1490289, "yuri_today": 1491346, "yuri_rate": 1.6040771548492177e+60}