{"yaoi_yesterday": 7147350, "yaoi_today": 7149954, "yaoi_rate": 4.690478360325775e+52, "yuri_yesterday": 1486461, "yuri_today": 1487045, "yuri_rate": 1.3675518612008463e+59}