{"yaoi_yesterday": 5672851, "yaoi_today": 5674672, "yaoi_rate": 0.0028177675569451876, "yuri_yesterday": 1118599, "yuri_today": 1119062, "yuri_rate": 0.0009821421674972722}