{"yaoi_yesterday": 7102052, "yaoi_today": 7104886, "yaoi_rate": 2.0086472580345745e+51, "yuri_yesterday": 1476986, "yuri_today": 1477678, "yuri_rate": 7.063034334780562e+57}