{"yaoi_yesterday": 5972587, "yaoi_today": 5976538, "yaoi_rate": 240.9263586822047, "yuri_yesterday": 1191273, "yuri_today": 1192127, "yuri_rate": 1644.71743953035}