{"yaoi_yesterday": 6188408, "yaoi_today": 6191262, "yaoi_rate": 12635706.268892039, "yuri_yesterday": 1259655, "yuri_today": 1260348, "yuri_rate": 25265689891.386402}