{"yaoi_yesterday": 6050872, "yaoi_today": 6053475, "yaoi_rate": 1627.412513278278, "yuri_yesterday": 1228405, "yuri_today": 1229028, "yuri_rate": -90012.76038172789}