{"yaoi_yesterday": 6387637, "yaoi_today": 6390290, "yaoi_rate": 3.909125911312983e+23, "yuri_yesterday": 1327417, "yuri_today": 1328074, "yuri_rate": 3.0615313059382217e+32}