{"yaoi_yesterday": 6111704, "yaoi_today": 6114401, "yaoi_rate": 26342.359542151706, "yuri_yesterday": 1241820, "yuri_today": 1242495, "yuri_rate": 7264333.313623735}