{"yaoi_yesterday": 6177511, "yaoi_today": 6180210, "yaoi_rate": 6978885.953009107, "yuri_yesterday": 1257160, "yuri_today": 1257884, "yuri_rate": 11994076667.460241}