{"yaoi_yesterday": 6844300, "yaoi_today": 6846797, "yaoi_rate": 8.584365892709363e+40, "yuri_yesterday": 1422645, "yuri_today": 1423162, "yuri_rate": 8.82387165321507e+47}