{"yaoi_yesterday": 5987652, "yaoi_today": 5989744, "yaoi_rate": 116.40783099551646, "yuri_yesterday": 1194329, "yuri_today": 1194764, "yuri_rate": 505.40929505343706}