{"yaoi_yesterday": 6557876, "yaoi_today": 6560772, "yaoi_rate": 1.3448798502963574e+30, "yuri_yesterday": 1364243, "yuri_today": 1364833, "yuri_rate": 1.3749355930430262e+39}