{"yaoi_yesterday": 5725528, "yaoi_today": 5728299, "yaoi_rate": 4.3325504899874564e-07, "yuri_yesterday": 1138431, "yuri_today": 1138810, "yuri_rate": 9.676098056651084e-13}