{"yaoi_yesterday": 6197031, "yaoi_today": 6201810, "yaoi_rate": 5.564615949033045e+17, "yuri_yesterday": 1284782, "yuri_today": 1286053, "yuri_rate": 4.4243163866182755e+25}