{"yaoi_yesterday": 6536408, "yaoi_today": 6539549, "yaoi_rate": 1.305089994000408e+29, "yuri_yesterday": 1359950, "yuri_today": 1360601, "yuri_rate": 2.055840334883526e+38}