{"yaoi_yesterday": 6080811, "yaoi_today": 6082614, "yaoi_rate": 23.022482483734958, "yuri_yesterday": 1217367, "yuri_today": 1217853, "yuri_rate": 48040.69165850602}