{"yaoi_yesterday": 6006719, "yaoi_today": 6009370, "yaoi_rate": 47.67666405070893, "yuri_yesterday": 1199051, "yuri_today": 1199621, "yuri_rate": 785.6583602907303}