{"yaoi_yesterday": 6662053, "yaoi_today": 6664513, "yaoi_rate": 3.590685068047409e+33, "yuri_yesterday": 1387089, "yuri_today": 1387566, "yuri_rate": 6.996997873663488e+42}