{"yaoi_yesterday": 7197003, "yaoi_today": 7199814, "yaoi_rate": -1.1616453504335259e+60, "yuri_yesterday": 1509768, "yuri_today": 1510376, "yuri_rate": 1.5539567994365946e+64}