{"yaoi_yesterday": 5793807, "yaoi_today": 5796103, "yaoi_rate": 3.225176311019126e-07, "yuri_yesterday": 1152318, "yuri_today": 1152759, "yuri_rate": 1.139218647127869e-14}