{"yaoi_yesterday": 7321445, "yaoi_today": 7324907, "yaoi_rate": -1.7131636659890479e+65, "yuri_yesterday": 1536753, "yuri_today": 1537439, "yuri_rate": 1.337547628788374e+69}