{"yaoi_yesterday": 5918245, "yaoi_today": 5921155, "yaoi_rate": 15.1794937341661, "yuri_yesterday": 1178855, "yuri_today": 1179461, "yuri_rate": 26.102639750414376}