{"yaoi_yesterday": 5724023, "yaoi_today": 5726249, "yaoi_rate": 7.316074917465015e-08, "yuri_yesterday": 1132826, "yuri_today": 1133216, "yuri_rate": 1.4523977383784751e-08}