{"yaoi_yesterday": 6089699, "yaoi_today": 6091955, "yaoi_rate": 20.41172161547484, "yuri_yesterday": 1219824, "yuri_today": 1220460, "yuri_rate": 118751.73658279075}