{"yaoi_yesterday": 6256972, "yaoi_today": 6259793, "yaoi_rate": 8.320322809076762e+19, "yuri_yesterday": 1298518, "yuri_today": 1299066, "yuri_rate": 9.107974279144367e+27}