{"yaoi_yesterday": 5742723, "yaoi_today": 5745021, "yaoi_rate": 2.750067101123688e-07, "yuri_yesterday": 1141740, "yuri_today": 1142314, "yuri_rate": 2.1140022230075342e-13}