{"yaoi_yesterday": 5856146, "yaoi_today": 5858445, "yaoi_rate": 1.6747011538482575e-07, "yuri_yesterday": 1165181, "yuri_today": 1165603, "yuri_rate": 1.1042941807018657e-16}