{"yaoi_yesterday": 5858445, "yaoi_today": 5861427, "yaoi_rate": 1.9975835363102016e-07, "yuri_yesterday": 1165603, "yuri_today": 1166079, "yuri_rate": 8.760733833568135e-17}