{"yaoi_yesterday": 6331863, "yaoi_today": 6334996, "yaoi_rate": 2.353964008298806e+22, "yuri_yesterday": 1315148, "yuri_today": 1315802, "yuri_rate": 3.7085911791855705e+30}