{"yaoi_yesterday": 6596269, "yaoi_today": 6599135, "yaoi_rate": 3.9030756979330895e+31, "yuri_yesterday": 1372646, "yuri_today": 1373435, "yuri_rate": 7.565041509037989e+40}