{"yaoi_yesterday": 6104550, "yaoi_today": 6108504, "yaoi_rate": 17289.310042473593, "yuri_yesterday": 1240258, "yuri_today": 1241105, "yuri_rate": 3914950.727528689}