{"yaoi_yesterday": 6409321, "yaoi_today": 6413560, "yaoi_rate": 3.7171238009386033e+24, "yuri_yesterday": 1331850, "yuri_today": 1332485, "yuri_rate": 1.2872627151338359e+33}