{"yaoi_yesterday": 6359474, "yaoi_today": 6362547, "yaoi_rate": 4.085163155399757e+22, "yuri_yesterday": 1321843, "yuri_today": 1322462, "yuri_rate": 5.244015044235164e+31}