{"yaoi_yesterday": 5728299, "yaoi_today": 5731588, "yaoi_rate": 5.699903424627498e-07, "yuri_yesterday": 1138810, "yuri_today": 1139290, "yuri_rate": 7.740878445320868e-13}