{"yaoi_yesterday": 6003054, "yaoi_today": 6004906, "yaoi_rate": 56.18912153763447, "yuri_yesterday": 1198040, "yuri_today": 1198543, "yuri_rate": 705.7250293950095}