{"yaoi_yesterday": 5686871, "yaoi_today": 5675479, "yaoi_rate": -6.087343870279904e-05, "yuri_yesterday": 1121757, "yuri_today": 1120479, "yuri_rate": -3.823449616069804e-05}