{"yaoi_yesterday": 6171411, "yaoi_today": 6174535, "yaoi_rate": 4921576.090535422, "yuri_yesterday": 1255674, "yuri_today": 1256338, "yuri_rate": 5241997253.038689}