{"yaoi_yesterday": 5841468, "yaoi_today": 5843739, "yaoi_rate": 1.977861176723818e-07, "yuri_yesterday": 1162228, "yuri_today": 1162683, "yuri_rate": 4.3832692274406565e-16}