{"yaoi_yesterday": 5763612, "yaoi_today": 5766384, "yaoi_rate": 4.192975113727883e-07, "yuri_yesterday": 1146068, "yuri_today": 1146628, "yuri_rate": 8.652717286546537e-14}