{"yaoi_yesterday": 6054404, "yaoi_today": 6056558, "yaoi_rate": 27.648046578125417, "yuri_yesterday": 1210983, "yuri_today": 1211515, "yuri_rate": 13316.462146519467}