{"yaoi_yesterday": 5789439, "yaoi_today": 5791528, "yaoi_rate": 3.852274888252064e-07, "yuri_yesterday": 1151389, "yuri_today": 1151850, "yuri_rate": 1.987124798757839e-14}