{"yaoi_yesterday": 6036449, "yaoi_today": 6038270, "yaoi_rate": 3316.9846493738837, "yuri_yesterday": 1224271, "yuri_today": 1224861, "yuri_rate": -32577.5661193238}