{"yaoi_yesterday": 6623253, "yaoi_today": 6626364, "yaoi_rate": 6.235623808468087e+32, "yuri_yesterday": 1379008, "yuri_today": 1379672, "yuri_rate": 2.0168689500222848e+42}