{"yaoi_yesterday": 7021349, "yaoi_today": 7024137, "yaoi_rate": 3.2099903423406534e+48, "yuri_yesterday": 1459865, "yuri_today": 1460446, "yuri_rate": 1.950273123190277e+55}