{"yaoi_yesterday": 6695182, "yaoi_today": 6699371, "yaoi_rate": 6.25068787653995e+34, "yuri_yesterday": 1394110, "yuri_today": 1394917, "yuri_rate": 8.388889521674977e+43}