{"yaoi_yesterday": 7149954, "yaoi_today": 7155720, "yaoi_rate": 1.1363570683041352e+53, "yuri_yesterday": 1487045, "yuri_today": 1488210, "yuri_rate": 3.1239174868607565e+59}