{"yaoi_yesterday": 5673638, "yaoi_today": 5675572, "yaoi_rate": 3.032547165456902e-05, "yuri_yesterday": 1120588, "yuri_today": 1121038, "yuri_rate": 4.157862857427328e-06}