{"yaoi_yesterday": 6056558, "yaoi_today": 6059259, "yaoi_rate": 31.37704781828435, "yuri_yesterday": 1211515, "yuri_today": 1212064, "yuri_rate": 14334.779840076837}