{"yaoi_yesterday": 5825701, "yaoi_today": 5827894, "yaoi_rate": 4.585753189403758e-07, "yuri_yesterday": 1158521, "yuri_today": 1159050, "yuri_rate": 1.4413584300453263e-15}