{"yaoi_yesterday": 6686411, "yaoi_today": 6689221, "yaoi_rate": 2.2706689323500596e+34, "yuri_yesterday": 1392229, "yuri_today": 1392824, "yuri_rate": 3.424775448878228e+43}