{"yaoi_yesterday": 5755271, "yaoi_today": 5757429, "yaoi_rate": 2.473031681699188e-07, "yuri_yesterday": 1144583, "yuri_today": 1145072, "yuri_rate": 1.3483664623739293e-13}