{"yaoi_yesterday": 5740951, "yaoi_today": 5742723, "yaoi_rate": 2.9918049402999217e-07, "yuri_yesterday": 1141184, "yuri_today": 1141740, "yuri_rate": 2.2097584212622308e-13}