{"yaoi_yesterday": 6436256, "yaoi_today": 6439679, "yaoi_rate": 5.947397602800127e+25, "yuri_yesterday": 1337471, "yuri_today": 1338153, "yuri_rate": 2.0047634565712579e+34}