{"yaoi_yesterday": 6191743, "yaoi_today": 6194400, "yaoi_rate": 2.506866643753707e+17, "yuri_yesterday": 1283282, "yuri_today": 1284034, "yuri_rate": 1.2104291666415068e+25}