{"yaoi_yesterday": 6730909, "yaoi_today": 6733598, "yaoi_rate": 5.0737903627695875e+35, "yuri_yesterday": 1400978, "yuri_today": 1401581, "yuri_rate": 1.9964725893662193e+44}