{"yaoi_yesterday": 5749377, "yaoi_today": 5751452, "yaoi_rate": 7.847166961779366e-09, "yuri_yesterday": 1138580, "yuri_today": 1138954, "yuri_rate": 7.738326409023177e-10}