{"yaoi_yesterday": 6094398, "yaoi_today": 6096905, "yaoi_rate": 8501.49601666111, "yuri_yesterday": 1238038, "yuri_today": 1238583, "yuri_rate": 1817506.2895660175}