{"yaoi_yesterday": 6310393, "yaoi_today": 6313633, "yaoi_rate": 4.382984006069434e+21, "yuri_yesterday": 1310211, "yuri_today": 1311011, "yuri_rate": 9.049756307877006e+29}