{"yaoi_yesterday": 6072607, "yaoi_today": 6075143, "yaoi_rate": 3067.8659715223584, "yuri_yesterday": 1232785, "yuri_today": 1233268, "yuri_rate": 371095.5235605938}