{"yaoi_yesterday": 5657684, "yaoi_today": 5659663, "yaoi_rate": 0.008953280406536085, "yuri_yesterday": 1114929, "yuri_today": 1115434, "yuri_rate": 0.0033835820951531683}