{"yaoi_yesterday": 6069654, "yaoi_today": 6072607, "yaoi_rate": 2879.1486641258725, "yuri_yesterday": 1232138, "yuri_today": 1232785, "yuri_rate": 391839.993821745}