{"yaoi_yesterday": 6082336, "yaoi_today": 6085353, "yaoi_rate": 3972.6346499461124, "yuri_yesterday": 1235676, "yuri_today": 1236275, "yuri_rate": 1120036.2811511573}