{"yaoi_yesterday": 6637733, "yaoi_today": 6640834, "yaoi_rate": 1.6449309778574639e+33, "yuri_yesterday": 1381813, "yuri_today": 1382540, "yuri_rate": 3.2704592755967795e+42}