{"yaoi_yesterday": 6248324, "yaoi_today": 6251391, "yaoi_rate": 5.290331949185977e+19, "yuri_yesterday": 1297002, "yuri_today": 1297789, "yuri_rate": 1.7401312485111434e+28}