{"yaoi_yesterday": 6464039, "yaoi_today": 6466340, "yaoi_rate": 1.566365289398315e+26, "yuri_yesterday": 1343491, "yuri_today": 1343968, "yuri_rate": 6.069799199985784e+34}