{"yaoi_yesterday": 6088288, "yaoi_today": 6091307, "yaoi_rate": 6214.353164329807, "yuri_yesterday": 1236895, "yuri_today": 1237508, "yuri_rate": 1636605.1096282538}