{"yaoi_yesterday": 5636614, "yaoi_today": 5637498, "yaoi_rate": 0.128302548308487, "yuri_yesterday": 1109889, "yuri_today": 1110082, "yuri_rate": 0.05233594745182671}