{"yaoi_yesterday": 5748378, "yaoi_today": 5750640, "yaoi_rate": 3.3412364855462667e-07, "yuri_yesterday": 1142968, "yuri_today": 1143553, "yuri_rate": 2.2466558625012572e-13}