{"yaoi_yesterday": 5986593, "yaoi_today": 5987652, "yaoi_rate": 132.43338325493747, "yuri_yesterday": 1193956, "yuri_today": 1194329, "yuri_rate": 592.54882868334}