{"yaoi_yesterday": 6166605, "yaoi_today": 6169069, "yaoi_rate": 3810309.048815873, "yuri_yesterday": 1254240, "yuri_today": 1255123, "yuri_rate": 3726640187.3793626}