{"yaoi_yesterday": 5616180, "yaoi_today": 5618311, "yaoi_rate": 0.8305611028480001, "yuri_yesterday": 1105359, "yuri_today": 1105939, "yuri_rate": 0.8124833333333333}