{"yaoi_yesterday": 6822107, "yaoi_today": 6825214, "yaoi_rate": 1.4823784104696055e+40, "yuri_yesterday": 1418348, "yuri_today": 1418891, "yuri_rate": 2.7287159503227657e+47}