{"yaoi_yesterday": 6689221, "yaoi_today": 6692046, "yaoi_rate": 2.6952267789449235e+34, "yuri_yesterday": 1392824, "yuri_today": 1393363, "yuri_rate": 3.619517582245814e+43}