{"yaoi_yesterday": 7250225, "yaoi_today": 7254025, "yaoi_rate": -4.192900161421291e+62, "yuri_yesterday": 1521527, "yuri_today": 1522476, "yuri_rate": 1.1124382286913079e+67}