{"yaoi_yesterday": 6014992, "yaoi_today": 6017124, "yaoi_rate": 59.563779033786105, "yuri_yesterday": 1200925, "yuri_today": 1201612, "yuri_rate": 1720.3425206002412}