{"yaoi_yesterday": 6061863, "yaoi_today": 6064602, "yaoi_rate": 39.50855788239306, "yuri_yesterday": 1212651, "yuri_today": 1213350, "yuri_rate": 22613.40453872144}