{"yaoi_yesterday": 6906658, "yaoi_today": 6909597, "yaoi_rate": 3.733717681598218e+43, "yuri_yesterday": 1435384, "yuri_today": 1435980, "yuri_rate": 1.2698139742046427e+50}