{"yaoi_yesterday": 6293045, "yaoi_today": 6295666, "yaoi_rate": 1.215573127635836e+21, "yuri_yesterday": 1306095, "yuri_today": 1306759, "yuri_rate": 1.318691747993092e+29}