{"yaoi_yesterday": 6066498, "yaoi_today": 6068899, "yaoi_rate": 31.7517565874208, "yuri_yesterday": 1213934, "yuri_today": 1214508, "yuri_rate": 29144.07926125354}