{"yaoi_yesterday": 5897907, "yaoi_today": 5900727, "yaoi_rate": 3.7385552040809147, "yuri_yesterday": 1174344, "yuri_today": 1174866, "yuri_rate": 4.61071689105638}