{"yaoi_yesterday": 5813000, "yaoi_today": 5816005, "yaoi_rate": 2.890951942478529e-07, "yuri_yesterday": 1155892, "yuri_today": 1156428, "yuri_rate": 1.1571385108174285e-15}