{"yaoi_yesterday": 5900727, "yaoi_today": 5903688, "yaoi_rate": 4.6512025039006675, "yuri_yesterday": 1174866, "yuri_today": 1175603, "yuri_rate": 6.66293793864422}