{"yaoi_yesterday": 6034231, "yaoi_today": 6036622, "yaoi_rate": 22.37787555399655, "yuri_yesterday": 1205739, "yuri_today": 1206329, "yuri_rate": 2067.9562283046976}