{"yaoi_yesterday": 5760500, "yaoi_today": 5763612, "yaoi_rate": 3.7815432122365464e-07, "yuri_yesterday": 1145548, "yuri_today": 1146068, "yuri_rate": 9.270768521299861e-14}