{"yaoi_yesterday": 6892852, "yaoi_today": 6896420, "yaoi_rate": 1.0640255865940822e+43, "yuri_yesterday": 1432264, "yuri_today": 1432871, "yuri_rate": 2.593347951882106e+49}