{"yaoi_yesterday": 6517031, "yaoi_today": 6520994, "yaoi_rate": 1.459772778646982e+28, "yuri_yesterday": 1355684, "yuri_today": 1356626, "yuri_rate": 2.369484081557792e+37}