{"yaoi_yesterday": 6812002, "yaoi_today": 6815675, "yaoi_rate": 6.220763048428302e+39, "yuri_yesterday": 1416421, "yuri_today": 1417230, "yuri_rate": 2.1354821713160407e+47}