{"yaoi_yesterday": 5939726, "yaoi_today": 5942424, "yaoi_rate": 34.47854771668938, "yuri_yesterday": 1183814, "yuri_today": 1184446, "yuri_rate": 124.47887000395866}