{"yaoi_yesterday": 6460940, "yaoi_today": 6464039, "yaoi_rate": 1.6201431502685742e+26, "yuri_yesterday": 1342846, "yuri_today": 1343491, "yuri_rate": 6.48972241507914e+34}