{"yaoi_yesterday": 6873422, "yaoi_today": 6876661, "yaoi_rate": 9.327839843406776e+41, "yuri_yesterday": 1428433, "yuri_today": 1428928, "yuri_rate": 3.351879583914398e+48}