{"yaoi_yesterday": 7026780, "yaoi_today": 7029803, "yaoi_rate": 4.5277779689533905e+48, "yuri_yesterday": 1461005, "yuri_today": 1461510, "yuri_rate": 2.1166949300692014e+55}