{"yaoi_yesterday": 6181511, "yaoi_today": 6184151, "yaoi_rate": 1.067115294550195e+17, "yuri_yesterday": 1280559, "yuri_today": 1281146, "yuri_rate": 2.1936440462581582e+24}