{"yaoi_yesterday": 7301916, "yaoi_today": 7305328, "yaoi_rate": -1.7930447803416442e+64, "yuri_yesterday": 1532790, "yuri_today": 1533458, "yuri_rate": 1.8330786686758359e+68}