{"yaoi_yesterday": 7176140, "yaoi_today": 7185556, "yaoi_rate": 4.8752995263207284e+54, "yuri_yesterday": 1492718, "yuri_today": 1494753, "yuri_rate": 1.7218821598931615e+61}