{"yaoi_yesterday": 5608481, "yaoi_today": 5611162, "yaoi_rate": 1.5770588235294118, "yuri_yesterday": 1103655, "yuri_today": 1104211, "yuri_rate": 0.3270588235294118}