{"yaoi_yesterday": 6542728, "yaoi_today": 6546502, "yaoi_rate": 2.764260510761884e+29, "yuri_yesterday": 1361225, "yuri_today": 1362014, "yuri_rate": 3.891442549462575e+38}