{"yaoi_yesterday": 5951251, "yaoi_today": 5953541, "yaoi_rate": 59.52649601577265, "yuri_yesterday": 1186190, "yuri_today": 1186742, "yuri_rate": 198.34799955821333}