{"yaoi_yesterday": 5806096, "yaoi_today": 5808105, "yaoi_rate": 2.5316665819497887e-07, "yuri_yesterday": 1154579, "yuri_today": 1154871, "yuri_rate": 1.808424725369324e-15}