{"yaoi_yesterday": 7127644, "yaoi_today": 7133028, "yaoi_rate": 1.780932766568326e+52, "yuri_yesterday": 1482862, "yuri_today": 1483498, "yuri_rate": 5.681691622110805e+58}