{"yaoi_yesterday": 5742783, "yaoi_today": 5745096, "yaoi_rate": 1.2897074310928085e-08, "yuri_yesterday": 1137120, "yuri_today": 1137443, "yuri_rate": 1.3885521226296337e-09}