{"yaoi_yesterday": 6039566, "yaoi_today": 6041286, "yaoi_rate": 20.00466084408962, "yuri_yesterday": 1207077, "yuri_today": 1207684, "yuri_rate": 3609.867643500775}