{"yaoi_yesterday": 7258264, "yaoi_today": 7261078, "yaoi_rate": -8.829744094506265e+62, "yuri_yesterday": 1523380, "yuri_today": 1524093, "yuri_rate": 2.7567254332158393e+67}