{"yaoi_yesterday": 6035937, "yaoi_today": 6036330, "yaoi_rate": -9856.933929650733, "yuri_yesterday": 1222415, "yuri_today": 1223128, "yuri_rate": -27972.922494043964}