{"yaoi_yesterday": 5910106, "yaoi_today": 5912932, "yaoi_rate": 9.983183184131342, "yuri_yesterday": 1177048, "yuri_today": 1177673, "yuri_rate": 16.385668300066293}