{"yaoi_yesterday": 6091307, "yaoi_today": 6094398, "yaoi_rate": 8070.825895354385, "yuri_yesterday": 1237508, "yuri_today": 1238038, "yuri_rate": 1700785.7021626954}