{"yaoi_yesterday": 5839992, "yaoi_today": 5841468, "yaoi_rate": 2.1773020439496014e-07, "yuri_yesterday": 1161797, "yuri_today": 1162228, "yuri_rate": 5.78013524497669e-16}