{"yaoi_yesterday": 7272088, "yaoi_today": 7275291, "yaoi_rate": -4.816854903824014e+63, "yuri_yesterday": 1526620, "yuri_today": 1527430, "yuri_rate": 2.0863569164190769e+68}