{"yaoi_yesterday": 5666805, "yaoi_today": 5669140, "yaoi_rate": 0.007055841109221753, "yuri_yesterday": 1117286, "yuri_today": 1117758, "yuri_rate": 0.002591903937933341}