{"yaoi_yesterday": 6208171, "yaoi_today": 6213821, "yaoi_rate": 2.3001971676778447e+18, "yuri_yesterday": 1287301, "yuri_today": 1288605, "yuri_rate": 1.6934717535471213e+26}