{"yaoi_yesterday": 5682567, "yaoi_today": 5684725, "yaoi_rate": 1.3356137142550486e-06, "yuri_yesterday": 1123055, "yuri_today": 1123644, "yuri_rate": 5.295437217244595e-07}