{"yaoi_yesterday": 5803965, "yaoi_today": 5806096, "yaoi_rate": 3.150406398643341e-07, "yuri_yesterday": 1154107, "yuri_today": 1154579, "yuri_rate": 3.7159412165123094e-15}