{"yaoi_yesterday": 7033204, "yaoi_today": 7036350, "yaoi_rate": 8.552568437363776e+48, "yuri_yesterday": 1462148, "yuri_today": 1462785, "yuri_rate": 3.307333793732041e+55}