{"yaoi_yesterday": 6280445, "yaoi_today": 6283383, "yaoi_rate": 4.478996267852414e+20, "yuri_yesterday": 1303383, "yuri_today": 1303968, "yuri_rate": 3.8663694821282244e+28}