{"yaoi_yesterday": 6653085, "yaoi_today": 6656153, "yaoi_rate": 2.2634956812266533e+33, "yuri_yesterday": 1385292, "yuri_today": 1385928, "yuri_rate": 5.788253203807247e+42}