{"yaoi_yesterday": 5747245, "yaoi_today": 5749377, "yaoi_rate": 9.454418026240201e-09, "yuri_yesterday": 1138048, "yuri_today": 1138580, "yuri_rate": 1.2414427394154832e-09}