{"yaoi_yesterday": 6352980, "yaoi_today": 6356227, "yaoi_rate": 2.319094636752119e+22, "yuri_yesterday": 1320516, "yuri_today": 1321159, "yuri_rate": 3.221495510126611e+31}