{"yaoi_yesterday": 6029955, "yaoi_today": 6032006, "yaoi_rate": 23.826660517776507, "yuri_yesterday": 1204657, "yuri_today": 1205176, "yuri_rate": 1619.277523503181}