{"yaoi_yesterday": 6728286, "yaoi_today": 6730909, "yaoi_rate": 4.49074788523303e+35, "yuri_yesterday": 1400457, "yuri_today": 1400978, "yuri_rate": 1.6885589064291406e+44}