{"yaoi_yesterday": 5733560, "yaoi_today": 5735800, "yaoi_rate": 1.7489584151448187e-08, "yuri_yesterday": 1135055, "yuri_today": 1135533, "yuri_rate": 3.820207239908955e-09}