{"yaoi_yesterday": 6631911, "yaoi_today": 6634976, "yaoi_rate": 1.0898407970208887e+33, "yuri_yesterday": 1380818, "yuri_today": 1381430, "yuri_rate": 3.055033050386697e+42}