{"yaoi_yesterday": 6080014, "yaoi_today": 6082336, "yaoi_rate": 3133.864921071179, "yuri_yesterday": 1235198, "yuri_today": 1235676, "yuri_rate": 953620.2059884645}