{"yaoi_yesterday": 7125033, "yaoi_today": 7127644, "yaoi_rate": 7.872622556524175e+51, "yuri_yesterday": 1482290, "yuri_today": 1482862, "yuri_rate": 4.556073470560551e+58}