{"yaoi_yesterday": 6454612, "yaoi_today": 6457602, "yaoi_rate": 8.871547752199497e+25, "yuri_yesterday": 1341457, "yuri_today": 1342214, "yuri_rate": 4.140851732317938e+34}