{"yaoi_yesterday": 6228662, "yaoi_today": 6231821, "yaoi_rate": 9.109430297439968e+18, "yuri_yesterday": 1292426, "yuri_today": 1293339, "yuri_rate": 2.2165616282911704e+27}