{"yaoi_yesterday": 6664513, "yaoi_today": 6667066, "yaoi_rate": 3.8516886465231233e+33, "yuri_yesterday": 1387566, "yuri_today": 1387996, "yuri_rate": 5.89942957975549e+42}