{"yaoi_yesterday": 6494525, "yaoi_today": 6497762, "yaoi_rate": 8.883149450399865e+26, "yuri_yesterday": 1350445, "yuri_today": 1351161, "yuri_rate": 7.91228532123959e+35}