{"yaoi_yesterday": 5823743, "yaoi_today": 5825701, "yaoi_rate": 5.227716814185771e-07, "yuri_yesterday": 1157981, "yuri_today": 1158521, "yuri_rate": 1.6348110737754171e-15}