{"yaoi_yesterday": 7185556, "yaoi_today": 7188509, "yaoi_rate": 6.049058613960131e+54, "yuri_yesterday": 1494753, "yuri_today": 1495335, "yuri_rate": 1.9649714059957255e+61}