{"yaoi_yesterday": 6445373, "yaoi_today": 6447912, "yaoi_rate": 9.037187757193607e+25, "yuri_yesterday": 1339462, "yuri_today": 1340087, "yuri_rate": 4.006946356944602e+34}