{"yaoi_yesterday": 5778389, "yaoi_today": 5781104, "yaoi_rate": 3.439174931079141e-07, "yuri_yesterday": 1149227, "yuri_today": 1149771, "yuri_rate": 3.618118337933728e-14}