{"yaoi_yesterday": 6283383, "yaoi_today": 6286831, "yaoi_rate": 6.488898794771061e+20, "yuri_yesterday": 1303968, "yuri_today": 1304668, "yuri_rate": 5.306781642136779e+28}