{"yaoi_yesterday": 6243939, "yaoi_today": 6246274, "yaoi_rate": 84013382.07826872, "yuri_yesterday": 1272101, "yuri_today": 1272675, "yuri_rate": 409326208333.97174}