{"yaoi_yesterday": 5969320, "yaoi_today": 5972587, "yaoi_rate": 145.12901383539537, "yuri_yesterday": 1190503, "yuri_today": 1191273, "yuri_rate": 982.208306979483}