{"yaoi_yesterday": 6234842, "yaoi_today": 6237612, "yaoi_rate": 1.3457605630274738e+19, "yuri_yesterday": 1294078, "yuri_today": 1294776, "yuri_rate": 4.395814118525214e+27}