{"yaoi_yesterday": 7169693, "yaoi_today": 7176140, "yaoi_rate": 1.2322868386409658e+54, "yuri_yesterday": 1491346, "yuri_today": 1492718, "yuri_rate": 4.315282071476719e+60}