{"yaoi_yesterday": 6325037, "yaoi_today": 6327955, "yaoi_rate": 1.0890273390280764e+22, "yuri_yesterday": 1313517, "yuri_today": 1314201, "yuri_rate": 1.5574767989468864e+30}