{"yaoi_yesterday": 6915060, "yaoi_today": 6918208, "yaoi_rate": 6.504797093429018e+43, "yuri_yesterday": 1437281, "yuri_today": 1437963, "yuri_rate": 2.73366914738147e+50}