{"yaoi_yesterday": 6009370, "yaoi_today": 6012224, "yaoi_rate": 57.17193243727869, "yuri_yesterday": 1199621, "yuri_today": 1200225, "yuri_rate": 930.4659796384336}