{"yaoi_yesterday": 6553996, "yaoi_today": 6557876, "yaoi_rate": 1.1052534681302939e+30, "yuri_yesterday": 1363507, "yuri_today": 1364243, "yuri_rate": 1.1885036482236326e+39}