{"yaoi_yesterday": 5921155, "yaoi_today": 5924209, "yaoi_rate": 19.47822431266524, "yuri_yesterday": 1179461, "yuri_today": 1180106, "yuri_rate": 33.01216203728877}