{"yaoi_yesterday": 6483033, "yaoi_today": 6484985, "yaoi_rate": 3.1092669247561865e+26, "yuri_yesterday": 1347851, "yuri_today": 1348406, "yuri_rate": 2.5887695776786805e+35}