{"yaoi_yesterday": 7239502, "yaoi_today": 7242502, "yaoi_rate": 1.0277523243277236e+57, "yuri_yesterday": 1505616, "yuri_today": 1506096, "yuri_rate": 9.521668302581014e+62}