{"yaoi_yesterday": 6937121, "yaoi_today": 6943042, "yaoi_rate": 1.3233573783542724e+45, "yuri_yesterday": 1441846, "yuri_today": 1442832, "yuri_rate": 3.130916522867451e+51}