{"yaoi_yesterday": 6447912, "yaoi_today": 6450457, "yaoi_rate": 9.663715479856189e+25, "yuri_yesterday": 1340087, "yuri_today": 1340594, "yuri_rate": 3.9833760842566927e+34}