{"yaoi_yesterday": 6678302, "yaoi_today": 6681073, "yaoi_rate": 1.5351982134903256e+34, "yuri_yesterday": 1390418, "yuri_today": 1390998, "yuri_rate": 2.024202607756159e+43}