{"yaoi_yesterday": 6710756, "yaoi_today": 6713395, "yaoi_rate": 1.3790242164580827e+35, "yuri_yesterday": 1397137, "yuri_today": 1397622, "yuri_rate": 1.1014459593691036e+44}