{"yaoi_yesterday": 5627565, "yaoi_today": 5629189, "yaoi_rate": 0.3895242374478274, "yuri_yesterday": 1107913, "yuri_today": 1108376, "yuri_rate": 0.2818876635421497}