{"yaoi_yesterday": 7159151, "yaoi_today": 7161979, "yaoi_rate": 1.9465296650346035e+53, "yuri_yesterday": 1488990, "yuri_today": 1489617, "yuri_rate": 5.87382962754372e+59}