{"yaoi_yesterday": 6061441, "yaoi_today": 6043812, "yaoi_rate": 18040.669348879557, "yuri_yesterday": 1222705, "yuri_today": 1222205, "yuri_rate": -48592.51413010643}