{"yaoi_yesterday": 6399603, "yaoi_today": 6402513, "yaoi_rate": 1.0499751484717834e+24, "yuri_yesterday": 1330060, "yuri_today": 1330569, "yuri_rate": 6.662772550874116e+32}